/* OSCLASS MYSQL Autobackup (2012-10-24 17:43:50) */
/* Table structure for table `oc_t_locale` */
CREATE TABLE `oc_t_locale` (
  `pk_c_code` char(5) NOT NULL,
  `s_name` varchar(100) NOT NULL,
  `s_short_name` varchar(40) NOT NULL,
  `s_description` varchar(100) NOT NULL,
  `s_version` varchar(20) NOT NULL,
  `s_author_name` varchar(100) NOT NULL,
  `s_author_url` varchar(100) NOT NULL,
  `s_currency_format` varchar(50) NOT NULL,
  `s_dec_point` varchar(2) DEFAULT '.',
  `s_thousands_sep` varchar(2) DEFAULT '',
  `i_num_dec` tinyint(4) DEFAULT '2',
  `s_date_format` varchar(20) NOT NULL,
  `s_stop_words` text,
  `b_enabled` tinyint(1) NOT NULL DEFAULT '1',
  `b_enabled_bo` tinyint(1) NOT NULL DEFAULT '1',
  PRIMARY KEY (`pk_c_code`),
  UNIQUE KEY `s_short_name` (`s_short_name`)
) ENGINE=InnoDB DEFAULT CHARSET=utf8;

/* dumping data for table `oc_t_locale` */
insert into `oc_t_locale` values
('en_US','English (US)','English','American english translation','2.3','OSClass','http://osclass.org/','{NUMBER} {CURRENCY}','.','',2,'m/d/Y','i,a,about,an,are,as,at,be,by,com,for,from,how,in,is,it,of,on,or,that,the,this,to,was,what,when,where,who,will,with,the',1,1);

/* Table structure for table `oc_t_country` */
CREATE TABLE `oc_t_country` (
  `pk_c_code` char(2) NOT NULL,
  `s_name` varchar(80) NOT NULL,
  PRIMARY KEY (`pk_c_code`),
  KEY `idx_s_name` (`s_name`)
) ENGINE=InnoDB DEFAULT CHARSET=utf8;

/* dumping data for table `oc_t_country` */
insert into `oc_t_country` values
('JP','Japan'),
('GB','United Kingdom');

/* Table structure for table `oc_t_currency` */
CREATE TABLE `oc_t_currency` (
  `pk_c_code` char(3) NOT NULL,
  `s_name` varchar(40) NOT NULL,
  `s_description` varchar(80) DEFAULT NULL,
  `b_enabled` tinyint(1) NOT NULL DEFAULT '1',
  PRIMARY KEY (`pk_c_code`),
  UNIQUE KEY `s_name` (`s_name`)
) ENGINE=InnoDB DEFAULT CHARSET=utf8;

/* dumping data for table `oc_t_currency` */
insert into `oc_t_currency` values
('EUR','European Union euro','Euro €',1),
('GBP','United Kingdom pound','Pound £',1),
('USD','United States dollar','Dollar US$',1);

/* Table structure for table `oc_t_region` */
CREATE TABLE `oc_t_region` (
  `pk_i_id` int(10) unsigned NOT NULL AUTO_INCREMENT,
  `fk_c_country_code` char(2) NOT NULL,
  `s_name` varchar(60) NOT NULL,
  `b_active` tinyint(1) NOT NULL DEFAULT '1',
  PRIMARY KEY (`pk_i_id`),
  KEY `fk_c_country_code` (`fk_c_country_code`),
  KEY `idx_s_name` (`s_name`),
  CONSTRAINT `oc_t_region_ibfk_1` FOREIGN KEY (`fk_c_country_code`) REFERENCES `oc_t_country` (`pk_c_code`)
) ENGINE=InnoDB AUTO_INCREMENT=742228 DEFAULT CHARSET=utf8;

/* dumping data for table `oc_t_region` */
insert into `oc_t_region` values
(742180,'gb','London',1),
(742181,'gb','Bedfordshire',1),
(742182,'gb','Berkshire',1),
(742183,'gb','Bristol',1),
(742184,'gb','Buckinghamshire',1),
(742185,'gb','Cambridgeshire',1),
(742186,'gb','Cheshire',1),
(742187,'gb','Cornwall',1),
(742188,'gb','Cumbria',1),
(742189,'gb','Derbyshire',1),
(742190,'gb','Devon',1),
(742191,'gb','Dorset',1),
(742192,'gb','Durham',1),
(742193,'gb','East Sussex',1),
(742194,'gb','East Yorkshire',1),
(742195,'gb','Essex',1),
(742196,'gb','Gloucestershire',1),
(742197,'gb','Great London',1),
(742198,'gb','Great Manchester',1),
(742199,'gb','Hampshire',1),
(742200,'gb','Herefordshire',1),
(742201,'gb','Hertfordshire',1),
(742202,'gb','Isle de Wight',1),
(742203,'gb','Kent',1),
(742204,'gb','Lancashire',1),
(742205,'gb','Leicestershire',1),
(742206,'gb','Lincolnshire',1),
(742207,'gb','Merseyside',1),
(742208,'gb','Norfolk',1),
(742209,'gb','North Yorkshire',1),
(742210,'gb','Northamptonshire',1),
(742211,'gb','Northumberland',1),
(742212,'gb','Nottinghamshire',1),
(742213,'gb','Oxfordshire',1),
(742214,'gb','Rutland',1),
(742215,'gb','Shropshire',1),
(742216,'gb','Somerset',1),
(742217,'gb','South Yorkshire',1),
(742218,'gb','Staffordshire',1),
(742219,'gb','Suffolk',1),
(742220,'gb','Surrey',1),
(742221,'gb','Tyne y Wear',1),
(742222,'gb','Warwickshire',1),
(742223,'gb','West Midlands',1),
(742224,'gb','West Sussex',1),
(742225,'gb','West Yorkshire',1),
(742226,'gb','Wiltshire',1),
(742227,'gb','Worcestershire',1);

/* Table structure for table `oc_t_city` */
CREATE TABLE `oc_t_city` (
  `pk_i_id` int(10) unsigned NOT NULL AUTO_INCREMENT,
  `fk_i_region_id` int(10) unsigned NOT NULL,
  `s_name` varchar(60) NOT NULL,
  `fk_c_country_code` char(2) DEFAULT NULL,
  `b_active` tinyint(1) NOT NULL DEFAULT '1',
  PRIMARY KEY (`pk_i_id`),
  KEY `fk_i_region_id` (`fk_i_region_id`),
  KEY `idx_s_name` (`s_name`),
  KEY `fk_c_country_code` (`fk_c_country_code`),
  CONSTRAINT `oc_t_city_ibfk_1` FOREIGN KEY (`fk_i_region_id`) REFERENCES `oc_t_region` (`pk_i_id`),
  CONSTRAINT `oc_t_city_ibfk_2` FOREIGN KEY (`fk_c_country_code`) REFERENCES `oc_t_country` (`pk_c_code`)
) ENGINE=InnoDB AUTO_INCREMENT=38035 DEFAULT CHARSET=utf8;

/* dumping data for table `oc_t_city` */
insert into `oc_t_city` values
(36320,742181,'Biggleswade','gb',1),
(36321,742181,'Dunstable','gb',1),
(36322,742181,'Eversholt','gb',1),
(36323,742181,'Kempston','gb',1),
(36324,742181,'Luton','gb',1),
(36325,742181,'Bedford','gb',1),
(36326,742182,'Slough','gb',1),
(36327,742182,'Maidenhead','gb',1),
(36328,742182,'Bracknell','gb',1),
(36329,742182,'Newbury','gb',1),
(36330,742182,'Windsor','gb',1),
(36331,742182,'Reading','gb',1),
(36332,742183,'Bristol','gb',1),
(36333,742184,'Aylesbury','gb',1),
(36334,742184,'Buckingham','gb',1),
(36335,742184,'Chesham','gb',1),
(36336,742184,'Winslow','gb',1),
(36337,742185,'Cambridge','gb',1),
(36338,742185,'Huntingdon','gb',1),
(36339,742185,'Peterborough','gb',1),
(36340,742185,'Soham','gb',1),
(36341,742186,'Alderley Edge','gb',1),
(36342,742186,'Chester','gb',1),
(36343,742186,'Middlewich','gb',1),
(36344,742186,'Northwich','gb',1),
(36345,742186,'Warrington','gb',1),
(36346,742187,'Bodmin','gb',1),
(36347,742187,'Boscastle','gb',1),
(36348,742187,'Bude Stratton','gb',1),
(36349,742187,'Callington','gb',1),
(36350,742187,'Camborne','gb',1),
(36351,742187,'Camelford','gb',1),
(36352,742187,'Coverack','gb',1),
(36353,742187,'Falmouth','gb',1),
(36354,742187,'Feock','gb',1),
(36355,742187,'Fowey','gb',1),
(36356,742187,'Grampound','gb',1),
(36357,742187,'Hayle','gb',1),
(36358,742187,'Helston','gb',1),
(36359,742187,'Holywell','gb',1),
(36360,742187,'Illogan','gb',1),
(36361,742187,'Isles Of Scilly','gb',1),
(36362,742187,'Lands End','gb',1),
(36363,742187,'Lansallos','gb',1),
(36364,742187,'Liskeard','gb',1),
(36365,742187,'Lizard','gb',1),
(36366,742187,'Looe','gb',1),
(36367,742187,'Lostwithiel','gb',1),
(36368,742187,'Madron','gb',1),
(36369,742187,'Marazion','gb',1),
(36370,742187,'Mawgan','gb',1),
(36371,742187,'Mullion','gb',1),
(36372,742187,'Newquay','gb',1),
(36373,742187,'Padstow','gb',1),
(36374,742187,'Penryn','gb',1),
(36375,742187,'Penzance','gb',1),
(36376,742187,'Perranporth','gb',1),
(36377,742187,'Polperro','gb',1),
(36378,742187,'Porthcurno','gb',1),
(36379,742187,'Porthleven','gb',1),
(36380,742187,'Port Isaac','gb',1),
(36381,742187,'Portscatho','gb',1),
(36382,742187,'Portwrinkle','gb',1),
(36383,742187,'Redruth','gb',1),
(36384,742187,'Rock','gb',1),
(36385,742187,'Saint Austell','gb',1),
(36386,742187,'Saint Clement','gb',1),
(36387,742187,'Saint Mawes','gb',1),
(36388,742187,'Saint Sampsons','gb',1),
(36389,742187,'Sennen','gb',1),
(36390,742187,'St. Agnes','gb',1),
(36391,742187,'St. Ives','gb',1),
(36392,742187,'St. Keyne','gb',1),
(36393,742187,'St Erth','gb',1),
(36394,742187,'St Martin','gb',1),
(36395,742187,'Tintagel','gb',1),
(36396,742187,'Torpoint','gb',1),
(36397,742187,'Truro','gb',1),
(36398,742187,'Uny Lelant','gb',1),
(36399,742187,'Wadebridge','gb',1),
(36400,742187,'Zennor','gb',1),
(36401,742188,'Alston','gb',1),
(36402,742188,'Ambleside','gb',1),
(36403,742188,'Appleby','gb',1),
(36404,742188,'Barrow in Furness','gb',1),
(36405,742188,'Bassenthwaite','gb',1),
(36406,742188,'Birdoswald','gb',1),
(36407,742188,'Bowness on Windermere','gb',1),
(36408,742188,'Brampton','gb',1),
(36409,742188,'Bridgend','gb',1),
(36410,742188,'Broughton in Furness','gb',1),
(36411,742188,'Calder Bridge','gb',1),
(36412,742188,'Carlisle','gb',1),
(36413,742188,'Cartmel','gb',1),
(36414,742188,'Cleator','gb',1),
(36415,742188,'Cleator Moor','gb',1),
(36416,742188,'Cockermouth','gb',1),
(36417,742188,'Coniston','gb',1),
(36418,742188,'Crooklands','gb',1),
(36419,742188,'Crosby On Eden','gb',1),
(36420,742188,'Cumbria','gb',1),
(36421,742188,'Egremont','gb',1),
(36422,742188,'Eskdale Green','gb',1),
(36423,742188,'Far Sawrey','gb',1),
(36424,742188,'Frizington','gb',1),
(36425,742188,'Glenridding','gb',1),
(36426,742188,'Gosforth','gb',1),
(36427,742188,'Grange Over Sands','gb',1),
(36428,742188,'Grasmere','gb',1),
(36429,742188,'Grizedale','gb',1),
(36430,742188,'Haverthwaite','gb',1),
(36431,742188,'Hawkshead','gb',1),
(36432,742188,'Heversham','gb',1),
(36433,742188,'Kendal','gb',1),
(36434,742188,'Keswick','gb',1),
(36435,742188,'Kirkby-in-Furness','gb',1),
(36436,742188,'Kirkby Londsdale','gb',1),
(36437,742188,'Kirkby Stephen','gb',1),
(36438,742188,'Kirkby Thore','gb',1),
(36439,742188,'Lakeside','gb',1),
(36440,742188,'Langdale','gb',1),
(36441,742188,'Little Langdale','gb',1),
(36442,742188,'Maryport','gb',1),
(36443,742188,'Near Sawrey','gb',1),
(36444,742188,'Newby Bridge','gb',1),
(36445,742188,'Oxenholme','gb',1),
(36446,742188,'Penrith','gb',1),
(36447,742188,'Pooley Bridge','gb',1),
(36448,742188,'Portinscale','gb',1),
(36449,742188,'Ravenglass','gb',1),
(36450,742188,'Ravenstonedale','gb',1),
(36451,742188,'Rydal','gb',1),
(36452,742188,'Sandwick','gb',1),
(36453,742188,'Seascale','gb',1),
(36454,742188,'Sedbergh','gb',1),
(36455,742188,'Sedgwick','gb',1),
(36456,742188,'Sellafield','gb',1),
(36457,742188,'Shap','gb',1),
(36458,742188,'Staveley','gb',1),
(36459,742188,'Tebay','gb',1),
(36460,742188,'Temple Sowerby','gb',1),
(36461,742188,'Torver','gb',1),
(36462,742188,'Troutbeck','gb',1),
(36463,742188,'Ullswater','gb',1),
(36464,742188,'Ulverston','gb',1),
(36465,742188,'Waterhead','gb',1),
(36466,742188,'Watermillock','gb',1),
(36467,742188,'Wetheral','gb',1),
(36468,742188,'Whitehaven','gb',1),
(36469,742188,'Wigton','gb',1),
(36470,742188,'Windermere','gb',1),
(36471,742188,'Winscales','gb',1),
(36472,742188,'Workington','gb',1),
(36473,742189,'Alfreton','gb',1),
(36474,742189,'Ashbourne','gb',1),
(36475,742189,'Ashford in the Water','gb',1),
(36476,742189,'Bakewell','gb',1),
(36477,742189,'Baslow','gb',1),
(36478,742189,'Belper','gb',1),
(36479,742189,'Burnaston','gb',1),
(36480,742189,'Buxton','gb',1),
(36481,742189,'Castle Donington','gb',1),
(36482,742189,'Castlefields','gb',1),
(36483,742189,'Castleton','gb',1),
(36484,742189,'Chapel en le Frith','gb',1),
(36485,742189,'Chesterfield','gb',1),
(36486,742189,'Clowne','gb',1),
(36487,742189,'Denby','gb',1),
(36488,742189,'Derby','gb',1),
(36489,742189,'Doe Lea','gb',1),
(36490,742189,'Dovedale','gb',1),
(36491,742189,'Etwall','gb',1),
(36492,742189,'Eyam','gb',1),
(36493,742189,'Glossop','gb',1),
(36494,742189,'Hathersage','gb',1),
(36495,742189,'Hope','gb',1),
(36496,742189,'Ilkestone','gb',1),
(36497,742189,'Long Eaton','gb',1),
(36498,742189,'Matlock','gb',1),
(36499,742189,'Matlock Bath','gb',1),
(36500,742189,'Milford','gb',1),
(36501,742189,'Morley','gb',1),
(36502,742189,'Newbold','gb',1),
(36503,742189,'New Mills','gb',1),
(36504,742189,'Renishaw','gb',1),
(36505,742189,'Rowsley','gb',1),
(36506,742189,'Sandiacre','gb',1),
(36507,742189,'Somercotes','gb',1),
(36508,742189,'South Normanton','gb',1),
(36509,742189,'Stanley','gb',1),
(36510,742189,'Staveley','gb',1),
(36511,742189,'Sudbury','gb',1),
(36512,742189,'Swadlincote','gb',1),
(36513,742189,'Thorpe','gb',1),
(36514,742189,'Whaley Bridge','gb',1),
(36515,742189,'Whatstandwell','gb',1),
(36516,742189,'Wirksworth','gb',1),
(36517,742190,'Ashburton','gb',1),
(36518,742190,'Axminster','gb',1),
(36519,742190,'Barnstaple','gb',1),
(36520,742190,'Bideford','gb',1),
(36521,742190,'Bigbury On Sea','gb',1),
(36522,742190,'Bolham','gb',1),
(36523,742190,'Boscombe','gb',1),
(36524,742190,'Bovey Tracey','gb',1),
(36525,742190,'Branscombe','gb',1),
(36526,742190,'Braunton','gb',1),
(36527,742190,'Brixham','gb',1),
(36528,742190,'Buckfastleigh','gb',1),
(36529,742190,'Budleigh Salterton','gb',1),
(36530,742190,'Burrington','gb',1),
(36531,742190,'Chagford','gb',1),
(36532,742190,'Chardstock','gb',1),
(36533,742190,'Churston Ferrers','gb',1),
(36534,742190,'Clawton','gb',1),
(36535,742190,'Clovelly','gb',1),
(36536,742190,'Colyton','gb',1),
(36537,742190,'Compton','gb',1),
(36538,742190,'Crediton','gb',1),
(36539,742190,'Cullompton','gb',1),
(36540,742190,'Dartmoor National Park','gb',1),
(36541,742190,'Dartmouth','gb',1),
(36542,742190,'Dawlish','gb',1),
(36543,742190,'Dittisham','gb',1),
(36544,742190,'Down Thomas','gb',1),
(36545,742190,'Drewsteignton','gb',1),
(36546,742190,'Ebford','gb',1),
(36547,742190,'Ermington','gb',1),
(36548,742190,'Exeter','gb',1),
(36549,742190,'Exmouth','gb',1),
(36550,742190,'Farringdon','gb',1),
(36551,742190,'Great Torrington','gb',1),
(36552,742190,'Hartland','gb',1),
(36553,742190,'Holsworthy','gb',1),
(36554,742190,'Honiton','gb',1),
(36555,742190,'Horrabridge','gb',1),
(36556,742190,'Huntsham','gb',1),
(36557,742190,'Ilfracombe','gb',1),
(36558,742190,'Instow','gb',1),
(36559,742190,'Ivybridge','gb',1),
(36560,742190,'Kilmington','gb',1),
(36561,742190,'Kingsbridge','gb',1),
(36562,742190,'Kingswear','gb',1),
(36563,742190,'Launceston','gb',1),
(36564,742190,'Lewdown','gb',1),
(36565,742190,'Lewtrenchard','gb',1),
(36566,742190,'Lifton','gb',1),
(36567,742190,'Lynmouth','gb',1),
(36568,742190,'Lynton','gb',1),
(36569,742190,'Marwood','gb',1),
(36570,742190,'Milford','gb',1),
(36571,742190,'Modbury','gb',1),
(36572,742190,'Moretonhampstead','gb',1),
(36573,742190,'Newton Abbot','gb',1),
(36574,742190,'Newton Popplefor','gb',1),
(36575,742190,'North Tawton','gb',1),
(36576,742190,'Okehampton','gb',1),
(36577,742190,'Ottery St Mary','gb',1),
(36578,742190,'Paignton','gb',1),
(36579,742190,'Plymouth','gb',1),
(36580,742190,'Princes Risborough','gb',1),
(36581,742190,'Princetown','gb',1),
(36582,742190,'Salcombe','gb',1),
(36583,742190,'Saltash','gb',1),
(36584,742190,'Sidmouth','gb',1),
(36585,742190,'Silvertown','gb',1),
(36586,742190,'Sourton','gb',1),
(36587,742190,'South Molton','gb',1),
(36588,742190,'Street','gb',1),
(36589,742190,'Tavistock','gb',1),
(36590,742190,'Teignmouth','gb',1),
(36591,742190,'Thurlestone','gb',1),
(36592,742190,'Tiverton','gb',1),
(36593,742190,'Topsham','gb',1),
(36594,742190,'Torbay','gb',1),
(36595,742190,'Torquay','gb',1),
(36596,742190,'Totnes','gb',1),
(36597,742190,'Two Bridges','gb',1),
(36598,742190,'Umberleigh','gb',1),
(36599,742190,'Widecombe in the Moor','gb',1),
(36600,742190,'Witheridge','gb',1),
(36601,742190,'Woodford','gb',1),
(36602,742190,'Woolacombe','gb',1),
(36603,742190,'Yealmpton','gb',1),
(36604,742190,'Yelverton','gb',1),
(36605,742191,'Beaminster','gb',1),
(36606,742191,'Blandford Forum','gb',1),
(36607,742191,'Bournemouth','gb',1),
(36608,742191,'Bridport','gb',1),
(36609,742191,'Buckland Newton','gb',1),
(36610,742191,'Castletown','gb',1),
(36611,742191,'Cerne Abbas','gb',1),
(36612,742191,'Charmouth','gb',1),
(36613,742191,'Chedington','gb',1),
(36614,742191,'Christchurch','gb',1),
(36615,742191,'Corfe Castle','gb',1),
(36616,742191,'Cranborne','gb',1),
(36617,742191,'Dorchester','gb',1),
(36618,742191,'Evershot','gb',1),
(36619,742191,'Ferndown','gb',1),
(36620,742191,'Gillingham','gb',1),
(36621,742191,'Highcliffe','gb',1),
(36622,742191,'Higher Bockhampton','gb',1),
(36623,742191,'Holywell','gb',1),
(36624,742191,'Lyme Regis','gb',1),
(36625,742191,'Morden','gb',1),
(36626,742191,'Moreton','gb',1),
(36627,742191,'Mudeford','gb',1),
(36628,742191,'Poole','gb',1),
(36629,742191,'Portland','gb',1),
(36630,742191,'Puddletown','gb',1),
(36631,742191,'Shaftesbury','gb',1),
(36632,742191,'Sherborne','gb',1),
(36633,742191,'Southwell','gb',1),
(36634,742191,'Sturminster Newton','gb',1),
(36635,742191,'Swanage','gb',1),
(36636,742191,'Wareham','gb',1),
(36637,742191,'West Bexington','gb',1),
(36638,742191,'Weymouth','gb',1),
(36639,742191,'Wimborne Minster','gb',1),
(36640,742191,'Winfrith Newburg','gb',1),
(36641,742191,'Wool','gb',1),
(36642,742192,'Barnard Castle','gb',1),
(36643,742192,'Beamish','gb',1),
(36644,742192,'Billingham','gb',1),
(36645,742192,'Bishop Auckland','gb',1),
(36646,742192,'Bowes','gb',1),
(36647,742192,'Bowthorpe','gb',1),
(36648,742192,'Brandon','gb',1),
(36649,742192,'Chester le Street','gb',1),
(36650,742192,'Consett','gb',1),
(36651,742192,'Crathorne Village','gb',1),
(36652,742192,'Crook','gb',1),
(36653,742192,'Darlington','gb',1),
(36654,742192,'Durham','gb',1),
(36655,742192,'Easington Colliery','gb',1),
(36656,742192,'Ferryhill','gb',1),
(36657,742192,'Greatham','gb',1),
(36658,742192,'Hartlepool','gb',1),
(36659,742192,'Mickleton','gb',1),
(36660,742192,'New Elvet','gb',1),
(36661,742192,'Peterlee','gb',1),
(36662,742192,'Piercebridge','gb',1),
(36663,742192,'Redcar','gb',1),
(36664,742192,'Redworth','gb',1),
(36665,742192,'Rushyford','gb',1),
(36666,742192,'Seaham','gb',1),
(36667,742192,'Sedgefield','gb',1),
(36668,742192,'Shildon','gb',1),
(36669,742192,'Skelton','gb',1),
(36670,742192,'Spennymoor','gb',1),
(36671,742192,'Stanhope','gb',1),
(36672,742192,'Stanley','gb',1),
(36673,742192,'Stockton On Tees','gb',1),
(36674,742192,'Sund','gb',1),
(36675,742192,'Thornaby On Tees','gb',1),
(36676,742192,'Tow Law','gb',1),
(36677,742192,'Wolsingham','gb',1),
(36678,742193,'Alfriston','gb',1),
(36679,742193,'Battle','gb',1),
(36680,742193,'Beckley','gb',1),
(36681,742193,'Bexhill','gb',1),
(36682,742193,'Birling Gap','gb',1),
(36683,742193,'Brighton','gb',1),
(36684,742193,'Burwash','gb',1),
(36685,742193,'Crowborough','gb',1),
(36686,742193,'Eastbourne','gb',1),
(36687,742193,'East Dean','gb',1),
(36688,742193,'East Sussex','gb',1),
(36689,742193,'Etchingham','gb',1),
(36690,742193,'Forest Row','gb',1),
(36691,742193,'Glyndebourne','gb',1),
(36692,742193,'Hadlow Down','gb',1),
(36693,742193,'Hailsham','gb',1),
(36694,742193,'Halland','gb',1),
(36695,742193,'Hartfield','gb',1),
(36696,742193,'Hastings','gb',1),
(36697,742193,'Heathfield','gb',1),
(36698,742193,'Herstmonceux','gb',1),
(36699,742193,'Hove','gb',1),
(36700,742193,'Hurst Green','gb',1),
(36701,742193,'Lewes','gb',1),
(36702,742193,'Newhaven','gb',1),
(36703,742193,'Newick','gb',1),
(36704,742193,'Northiam','gb',1),
(36705,742193,'Pevensey Bay','gb',1),
(36706,742193,'Polegate','gb',1),
(36707,742193,'Robertsbridge','gb',1),
(36708,742193,'Rodmell','gb',1),
(36709,742193,'Rottingdean','gb',1),
(36710,742193,'Rushlake Green','gb',1),
(36711,742193,'Rye','gb',1),
(36712,742193,'Seaford','gb',1),
(36713,742193,'Sedlescombe','gb',1),
(36714,742193,'St. Leonards','gb',1),
(36715,742193,'Ticehurst','gb',1),
(36716,742193,'Uckfield','gb',1),
(36717,742193,'Wadhurst','gb',1),
(36718,742193,'Waldron','gb',1),
(36719,742193,'West Dean','gb',1),
(36720,742193,'Winchelsea','gb',1),
(36721,742194,'Bentley','gb',1),
(36722,742194,'Beverley','gb',1),
(36723,742194,'Bridlington','gb',1),
(36724,742194,'Brough','gb',1),
(36725,742194,'Brus Laguna','gb',1),
(36726,742194,'Coniston','gb',1),
(36727,742194,'Cottingham','gb',1),
(36728,742194,'Flamborough Head','gb',1),
(36729,742194,'Goole','gb',1),
(36730,742194,'Grimsby','gb',1),
(36731,742194,'Hedon','gb',1),
(36732,742194,'Hessle','gb',1),
(36733,742194,'Hornsea','gb',1),
(36734,742194,'Howden','gb',1),
(36735,742194,'Hull','gb',1),
(36736,742194,'Kingston Upon Hull','gb',1),
(36737,742194,'North Ferriby','gb',1),
(36738,742194,'Willerby','gb',1),
(36739,742195,'Alresford','gb',1),
(36740,742195,'Audley End','gb',1),
(36741,742195,'Basildon','gb',1),
(36742,742195,'Benfleet','gb',1),
(36743,742195,'Bishop\'s Stortford','gb',1),
(36744,742195,'Bobbingworth','gb',1),
(36745,742195,'Braintree','gb',1),
(36746,742195,'Brentwood','gb',1),
(36747,742195,'Broxted','gb',1),
(36748,742195,'Buckhurst Hill','gb',1),
(36749,742195,'Canvey Island','gb',1),
(36750,742195,'Chelmsford','gb',1),
(36751,742195,'Chigwell','gb',1),
(36752,742195,'Chigwell Row','gb',1),
(36753,742195,'Chingford','gb',1),
(36754,742195,'Chipping Ongar','gb',1),
(36755,742195,'Clacton On Sea','gb',1),
(36756,742195,'Coggeshall','gb',1),
(36757,742195,'Colchester','gb',1),
(36758,742195,'Dedham','gb',1),
(36759,742195,'Dovercourt','gb',1),
(36760,742195,'East Horndon','gb',1),
(36761,742195,'Elmstead Market','gb',1),
(36762,742195,'Epping','gb',1),
(36763,742195,'Frinton On Sea','gb',1),
(36764,742195,'Galleywood','gb',1),
(36765,742195,'Grays','gb',1),
(36766,742195,'Great Dunmow','gb',1),
(36767,742195,'Great Saling','gb',1),
(36768,742195,'Harlow','gb',1),
(36769,742195,'Harwich','gb',1),
(36770,742195,'Holland On Sea','gb',1),
(36771,742195,'Ingatestone','gb',1),
(36772,742195,'Kelvedon','gb',1),
(36773,742195,'Kirby Cross','gb',1),
(36774,742195,'Lexden','gb',1),
(36775,742195,'London Stansted Airport','gb',1),
(36776,742195,'Loughton','gb',1),
(36777,742195,'Maldon','gb',1),
(36778,742195,'Manningtree','gb',1),
(36779,742195,'Moreton','gb',1),
(36780,742195,'North Stifford','gb',1),
(36781,742195,'Old Harlow','gb',1),
(36782,742195,'Rayleigh','gb',1),
(36783,742195,'Rochford','gb',1),
(36784,742195,'Romford','gb',1),
(36785,742195,'Saffron Walden','gb',1),
(36786,742195,'Southend On Sea','gb',1),
(36787,742195,'South Woodham Ferrers','gb',1),
(36788,742195,'St. Osyth','gb',1),
(36789,742195,'Stansted','gb',1),
(36790,742195,'Stapleford Tawney','gb',1),
(36791,742195,'Stock','gb',1),
(36792,742195,'Thaxted','gb',1),
(36793,742195,'Waltham Abbey','gb',1),
(36794,742195,'Waltham Cross','gb',1),
(36795,742195,'Westcliff on Sea','gb',1),
(36796,742195,'Wickford','gb',1),
(36797,742195,'Witham','gb',1),
(36798,742195,'Woodford Bridge','gb',1),
(36799,742195,'Writtle','gb',1),
(36800,742196,'Amberley','gb',1),
(36801,742196,'Andoverford','gb',1),
(36802,742196,'Berkeley','gb',1),
(36803,742196,'Bibury','gb',1),
(36804,742196,'Bisley','gb',1),
(36805,742196,'Blockley','gb',1),
(36806,742196,'Bourton On Hill','gb',1),
(36807,742196,'Bourton On Water','gb',1),
(36808,742196,'Box','gb',1),
(36809,742196,'Broadwey','gb',1),
(36810,742196,'Buckland','gb',1),
(36811,742196,'Cheltenham','gb',1),
(36812,742196,'Chipping Campden','gb',1),
(36813,742196,'Cirencester','gb',1),
(36814,742196,'Coleford','gb',1),
(36815,742196,'Coln St Aldwyns','gb',1),
(36816,742196,'Donnington','gb',1),
(36817,742196,'Driffield','gb',1),
(36818,742196,'Duntisbourneleer','gb',1),
(36819,742196,'Dursley','gb',1),
(36820,742196,'Fairford','gb',1),
(36821,742196,'Gloucester','gb',1),
(36822,742196,'Kemble','gb',1),
(36823,742196,'Lechlade','gb',1),
(36824,742196,'Little Barrington','gb',1),
(36825,742196,'Lower Slaughter','gb',1),
(36826,742196,'Lydney','gb',1),
(36827,742196,'Mitcheldean','gb',1),
(36828,742196,'Moreton in Marsh','gb',1),
(36829,742196,'Nailsworth','gb',1),
(36830,742196,'Naunton','gb',1),
(36831,742196,'Newent','gb',1),
(36832,742196,'Northleach','gb',1),
(36833,742196,'Painswick','gb',1),
(36834,742196,'Prestbury','gb',1),
(36835,742196,'Sandhurst','gb',1),
(36836,742196,'Sapperton','gb',1),
(36837,742196,'Sedbury','gb',1),
(36838,742196,'Shipton','gb',1),
(36839,742196,'Shurdington','gb',1),
(36840,742196,'Snowshill','gb',1),
(36841,742196,'Stanton','gb',1),
(36842,742196,'Stone','gb',1),
(36843,742196,'Stonehouse','gb',1),
(36844,742196,'Stow On the Wold','gb',1),
(36845,742196,'Stroud','gb',1),
(36846,742196,'Teddington','gb',1),
(36847,742196,'Tetbury','gb',1),
(36848,742196,'Tewkesbury','gb',1),
(36849,742196,'Toddington','gb',1),
(36850,742196,'Tormarton','gb',1),
(36851,742196,'Tortworth','gb',1),
(36852,742196,'Uley','gb',1),
(36853,742196,'Upper Slaughter','gb',1),
(36854,742196,'Westonbirt','gb',1),
(36855,742196,'Willersey','gb',1),
(36856,742196,'Winchcombe','gb',1),
(36857,742196,'Woodford','gb',1),
(36858,742196,'Wotton Under Edge','gb',1),
(36859,742197,'Abbey Wood','gb',1),
(36860,742197,'Banstead','gb',1),
(36861,742197,'Barking Essex','gb',1),
(36862,742197,'Barkingside','gb',1),
(36863,742197,'Barnet','gb',1),
(36864,742197,'Bayswater','gb',1),
(36865,742197,'Beckenham','gb',1),
(36866,742197,'Bickley','gb',1),
(36867,742197,'Biggin Hill','gb',1),
(36868,742197,'Blackheath','gb',1),
(36869,742197,'Brent Cross','gb',1),
(36870,742197,'Brentford','gb',1),
(36871,742197,'Bromley','gb',1),
(36872,742197,'Camden','gb',1),
(36873,742197,'Carshalton','gb',1),
(36874,742197,'Chalfont St Giles','gb',1),
(36875,742197,'Chertsey','gb',1),
(36876,742197,'Cheshunt','gb',1),
(36877,742197,'Chessington','gb',1),
(36878,742197,'Colnbrook','gb',1),
(36879,742197,'Coulsdon','gb',1),
(36880,742197,'Cranford','gb',1),
(36881,742197,'Cricklewood','gb',1),
(36882,742197,'Croydon','gb',1),
(36883,742197,'Dagenham','gb',1),
(36884,742197,'Ealing','gb',1),
(36885,742197,'Enfield','gb',1),
(36886,742197,'Epping Forest','gb',1),
(36887,742197,'Feltham','gb',1),
(36888,742197,'Finchley','gb',1),
(36889,742197,'Greenbottom Near Tru','gb',1),
(36890,742197,'Greenford','gb',1),
(36891,742197,'Greenhithe','gb',1),
(36892,742197,'Greenwich','gb',1),
(36893,742197,'Hampstead','gb',1),
(36894,742197,'Harmondsworth','gb',1),
(36895,742197,'Harrow','gb',1),
(36896,742197,'Hayes','gb',1),
(36897,742197,'Hendon','gb',1),
(36898,742197,'Hillingdon','gb',1),
(36899,742197,'Hornchurch','gb',1),
(36900,742197,'Hounslow','gb',1),
(36901,742197,'Ilford','gb',1),
(36902,742197,'Isleworth','gb',1),
(36903,742197,'Kenley','gb',1),
(36904,742197,'Kensington y Chelsea','gb',1),
(36905,742197,'Kingston Upon Thames','gb',1),
(36906,742197,'Londres','gb',1),
(36907,742197,'Mill Hill','gb',1),
(36908,742197,'Mitcham','gb',1),
(36909,742197,'Morden','gb',1),
(36910,742197,'New Malden','gb',1),
(36911,742197,'Orpington','gb',1),
(36912,742197,'Pinner','gb',1),
(36913,742197,'Purley','gb',1),
(36914,742197,'Putney','gb',1),
(36915,742197,'Rainham','gb',1),
(36916,742197,'Richmond Upon Thames','gb',1),
(36917,742197,'Ruislip','gb',1),
(36918,742197,'Southall','gb',1),
(36919,742197,'St. Pauls Cray','gb',1),
(36920,742197,'Stanmore','gb',1),
(36921,742197,'St Mary Cray','gb',1),
(36922,742197,'Sudbury','gb',1),
(36923,742197,'Sunbury','gb',1),
(36924,742197,'Surrey','gb',1),
(36925,742197,'Sydenham','gb',1),
(36926,742197,'Thurrockc','gb',1),
(36927,742197,'Tolworth','gb',1),
(36928,742197,'Twickenham','gb',1),
(36929,742197,'Uxbridge','gb',1),
(36930,742197,'Waltahmstow','gb',1),
(36931,742197,'Wandsworth','gb',1),
(36932,742197,'Welling','gb',1),
(36933,742197,'Wembley','gb',1),
(36934,742197,'West Drayton','gb',1),
(36935,742197,'Westminster','gb',1),
(36936,742197,'Wimbledon','gb',1),
(36937,742197,'Woodford','gb',1),
(36938,742197,'Woodford Green','gb',1),
(36939,742197,'Woolwich','gb',1),
(36940,742198,'Altrincham','gb',1),
(36941,742198,'Ashton-Under-Lyne','gb',1),
(36942,742198,'Ashton in Makerfield','gb',1),
(36943,742198,'Blackwood','gb',1),
(36944,742198,'Boothstown','gb',1),
(36945,742198,'Bowdon','gb',1),
(36946,742198,'Brands Hatch','gb',1),
(36947,742198,'Bury','gb',1),
(36948,742198,'Cheadle','gb',1),
(36949,742198,'Davyhulme','gb',1),
(36950,742198,'Denton','gb',1),
(36951,742198,'Didsbury','gb',1),
(36952,742198,'Halebarns','gb',1),
(36953,742198,'Handforth','gb',1),
(36954,742198,'Hyde','gb',1),
(36955,742198,'Leigh','gb',1),
(36956,742198,'Manchester','gb',1),
(36957,742198,'Marple','gb',1),
(36958,742198,'Oldham','gb',1),
(36959,742198,'Prestwich','gb',1),
(36960,742198,'Ramsbottom','gb',1),
(36961,742198,'Saddleworth','gb',1),
(36962,742198,'Sale','gb',1),
(36963,742198,'Salford','gb',1),
(36964,742198,'Stockport','gb',1),
(36965,742198,'Swinton','gb',1),
(36966,742198,'Whitefield','gb',1),
(36967,742198,'Wigan','gb',1),
(36968,742198,'Wilmslow','gb',1),
(36969,742198,'Wythenshawe','gb',1),
(36970,742199,'Aldershot','gb',1),
(36971,742199,'Alton','gb',1),
(36972,742199,'Ampfield','gb',1),
(36973,742199,'Andover','gb',1),
(36974,742199,'Ashford Hill','gb',1),
(36975,742199,'Basingstoke','gb',1),
(36976,742199,'Beaulieu','gb',1),
(36977,742199,'Bentley','gb',1),
(36978,742199,'Botley','gb',1),
(36979,742199,'Bramdean','gb',1),
(36980,742199,'Brockenhurst','gb',1),
(36981,742199,'Broughton','gb',1),
(36982,742199,'Burley','gb',1),
(36983,742199,'Chawton','gb',1),
(36984,742199,'Chineham','gb',1),
(36985,742199,'Compton','gb',1),
(36986,742199,'Crawley','gb',1),
(36987,742199,'Droxford','gb',1),
(36988,742199,'Eastleigh','gb',1),
(36989,742199,'East Wellow','gb',1),
(36990,742199,'Eversley','gb',1),
(36991,742199,'Exbury','gb',1),
(36992,742199,'Fareham','gb',1),
(36993,742199,'Farnborough','gb',1),
(36994,742199,'Fleet','gb',1),
(36995,742199,'Fordingbridge','gb',1),
(36996,742199,'Four Marks','gb',1),
(36997,742199,'Gosport','gb',1),
(36998,742199,'Grayshott','gb',1),
(36999,742199,'Greatham','gb',1),
(37000,742199,'Hambledon','gb',1),
(37001,742199,'Hartley Wintney','gb',1),
(37002,742199,'Havant','gb',1),
(37003,742199,'Hayling Island','gb',1),
(37004,742199,'Headley','gb',1),
(37005,742199,'Hedge End','gb',1),
(37006,742199,'Hook','gb',1),
(37007,742199,'Horndean','gb',1),
(37008,742199,'Hurstbourme Tarrant','gb',1),
(37009,742199,'Hythe','gb',1),
(37010,742199,'Kings Worthy','gb',1),
(37011,742199,'Lee On Solent','gb',1),
(37012,742199,'Liphook','gb',1),
(37013,742199,'Locks Heath','gb',1),
(37014,742199,'Lymington','gb',1),
(37015,742199,'Lyndhurst','gb',1),
(37016,742199,'Milford On Sea','gb',1),
(37017,742199,'Minstead','gb',1),
(37018,742199,'Mottisfont','gb',1),
(37019,742199,'Nether Wallop','gb',1),
(37020,742199,'New Forest','gb',1),
(37021,742199,'New Milton','gb',1),
(37022,742199,'North Waltham','gb',1),
(37023,742199,'Odiham','gb',1),
(37024,742199,'Otterboune','gb',1),
(37025,742199,'Petersfield','gb',1),
(37026,742199,'Portchester','gb',1),
(37027,742199,'Portsmouth','gb',1),
(37028,742199,'Ringwood','gb',1),
(37029,742199,'Romsey','gb',1),
(37030,742199,'Rotherwick','gb',1),
(37031,742199,'Saint Leonards','gb',1),
(37032,742199,'Southampton','gb',1),
(37033,742199,'Southsea','gb',1),
(37034,742199,'Southwick','gb',1),
(37035,742199,'Steventon','gb',1),
(37036,742199,'Stockbridge','gb',1),
(37037,742199,'Sutton Scotney','gb',1),
(37038,742199,'Tadley','gb',1),
(37039,742199,'Upton Grey','gb',1),
(37040,742199,'Waterlooville','gb',1),
(37041,742199,'West Meon','gb',1),
(37042,742199,'Wheatley','gb',1),
(37043,742199,'Wickham','gb',1),
(37044,742199,'Winchester','gb',1),
(37045,742199,'Yateley','gb',1),
(37046,742200,'Bredwardine','gb',1),
(37047,742200,'Bromyard','gb',1),
(37048,742200,'Donnington','gb',1),
(37049,742200,'Eardisley','gb',1),
(37050,742200,'Fownhope','gb',1),
(37051,742200,'Greater Malvern','gb',1),
(37052,742200,'Hereford','gb',1),
(37053,742200,'Kington','gb',1),
(37054,742200,'Ledbury','gb',1),
(37055,742200,'Leominster','gb',1),
(37056,742200,'Marden','gb',1),
(37057,742200,'Pembridge','gb',1),
(37058,742200,'Ross On Wye','gb',1),
(37059,742200,'Whitney','gb',1),
(37060,742200,'Wilton','gb',1),
(37061,742200,'Winforton','gb',1),
(37062,742201,'Ashwell','gb',1),
(37063,742201,'Baldock','gb',1),
(37064,742201,'Benington','gb',1),
(37065,742201,'Berkhamsted','gb',1),
(37066,742201,'Bishops Stortford','gb',1),
(37067,742201,'Borehamwood','gb',1),
(37068,742201,'Broxbourne','gb',1),
(37069,742201,'Buntingford','gb',1),
(37070,742201,'Bushey','gb',1),
(37071,742201,'Chandler\'s Cross','gb',1),
(37072,742201,'Cheshunt','gb',1),
(37073,742201,'Chipperfield','gb',1),
(37074,742201,'Chorleywood','gb',1),
(37075,742201,'Elstree','gb',1),
(37076,742201,'Essendon','gb',1),
(37077,742201,'Great Amwell','gb',1),
(37078,742201,'Hadley Wood','gb',1),
(37079,742201,'Harpenden','gb',1),
(37080,742201,'Hatfield','gb',1),
(37081,742201,'Hemel Hempstead','gb',1),
(37082,742201,'Hertford','gb',1),
(37083,742201,'Hertingfordbury','gb',1),
(37084,742201,'Herts','gb',1),
(37085,742201,'Hitchin','gb',1),
(37086,742201,'Knebworth','gb',1),
(37087,742201,'Letchworth','gb',1),
(37088,742201,'London Colney','gb',1),
(37089,742201,'Markyate','gb',1),
(37090,742201,'Much Hadham','gb',1),
(37091,742201,'Potters Bar','gb',1),
(37092,742201,'Radlett','gb',1),
(37093,742201,'Rickmansworth','gb',1),
(37094,742201,'Royston','gb',1),
(37095,742201,'Saint Owens Cross','gb',1),
(37096,742201,'Sawbridgeworth','gb',1),
(37097,742201,'South Mimms','gb',1),
(37098,742201,'St. Albans','gb',1),
(37099,742201,'Stanstead Abbots','gb',1),
(37100,742201,'Stevenage','gb',1),
(37101,742201,'Tring','gb',1),
(37102,742201,'Ware','gb',1),
(37103,742201,'Watford','gb',1),
(37104,742201,'Welham Green','gb',1),
(37105,742201,'Welwyn','gb',1),
(37106,742201,'Welwyn Garden City','gb',1),
(37107,742201,'West Cheshunt','gb',1),
(37108,742201,'Wheathampstead','gb',1),
(37109,742201,'Wigginton','gb',1),
(37110,742201,'Wigmore','gb',1),
(37111,742201,'Wormley','gb',1),
(37112,742202,'Alverstone','gb',1),
(37113,742202,'Ardgay','gb',1),
(37114,742202,'Bonchurch','gb',1),
(37115,742202,'Cowes','gb',1),
(37116,742202,'East Cowes','gb',1),
(37117,742202,'Freshwater Bay','gb',1),
(37118,742202,'Newport','gb',1),
(37119,742202,'Northwood','gb',1),
(37120,742202,'Ryde','gb',1),
(37121,742202,'Saint Helens','gb',1),
(37122,742202,'Sandown','gb',1),
(37123,742202,'Seaview','gb',1),
(37124,742202,'Shanklin','gb',1),
(37125,742202,'Ventnor','gb',1),
(37126,742202,'Yarmouth','gb',1),
(37127,742203,'Ashford','gb',1),
(37128,742203,'Aylesford','gb',1),
(37129,742203,'Bexley','gb',1),
(37130,742203,'Bexleyheath','gb',1),
(37131,742203,'Biddenden','gb',1),
(37132,742203,'Birchington','gb',1),
(37133,742203,'Borough Green','gb',1),
(37134,742203,'Brasted','gb',1),
(37135,742203,'Brenchley','gb',1),
(37136,742203,'Broadstairs','gb',1),
(37137,742203,'Canterbury','gb',1),
(37138,742203,'Chatham','gb',1),
(37139,742203,'Chiddingstone','gb',1),
(37140,742203,'Chilham','gb',1),
(37141,742203,'Cranbrook','gb',1),
(37142,742203,'Dartford','gb',1),
(37143,742203,'Deal','gb',1),
(37144,742203,'Dover','gb',1),
(37145,742203,'Eastchurch','gb',1),
(37146,742203,'East Malling','gb',1),
(37147,742203,'Edenbridge','gb',1),
(37148,742203,'Faversham','gb',1),
(37149,742203,'Fawkham','gb',1),
(37150,742203,'Folkestone','gb',1),
(37151,742203,'Gillingham','gb',1),
(37152,742203,'Goudhurst','gb',1),
(37153,742203,'Gravesend','gb',1),
(37154,742203,'Hawkhurst','gb',1),
(37155,742203,'Headcorn','gb',1),
(37156,742203,'Herne Bay','gb',1),
(37157,742203,'Hever','gb',1),
(37158,742203,'Hildenborough','gb',1),
(37159,742203,'Hollingbourne','gb',1),
(37160,742203,'Hythe','gb',1),
(37161,742203,'Kent','gb',1),
(37162,742203,'Lamberhurst','gb',1),
(37163,742203,'Lenham','gb',1),
(37164,742203,'Lydd','gb',1),
(37165,742203,'Maidstone','gb',1),
(37166,742203,'Manston','gb',1),
(37167,742203,'Marden','gb',1),
(37168,742203,'Margate','gb',1),
(37169,742203,'Matfield','gb',1),
(37170,742203,'Milstead','gb',1),
(37171,742203,'New Romney','gb',1),
(37172,742203,'Otham','gb',1),
(37173,742203,'Paddock Wood','gb',1),
(37174,742203,'Penshurst','gb',1),
(37175,742203,'Rainham','gb',1),
(37176,742203,'Ramsgate','gb',1),
(37177,742203,'Rochester','gb',1),
(37178,742203,'Romney Marsh','gb',1),
(37179,742203,'Sandhurst','gb',1),
(37180,742203,'Sandwich','gb',1),
(37181,742203,'Sarre','gb',1),
(37182,742203,'Sevenoaks','gb',1),
(37183,742203,'Sheerness','gb',1),
(37184,742203,'Shoreham','gb',1),
(37185,742203,'Sissinghurst','gb',1),
(37186,742203,'Sittingbourne','gb',1),
(37187,742203,'Smarden','gb',1),
(37188,742203,'Snodland','gb',1),
(37189,742203,'Southfleet','gb',1),
(37190,742203,'Staplehurst','gb',1),
(37191,742203,'Stone','gb',1),
(37192,742203,'Street End','gb',1),
(37193,742203,'Strood','gb',1),
(37194,742203,'Sutton Valence','gb',1),
(37195,742203,'Tenterden','gb',1),
(37196,742203,'Throwley','gb',1),
(37197,742203,'Tonbridge','gb',1),
(37198,742203,'Tunbridge Wells','gb',1),
(37199,742203,'Upchurch','gb',1),
(37200,742203,'Westerham','gb',1),
(37201,742203,'Westgate-on-Sea','gb',1),
(37202,742203,'West Malling','gb',1),
(37203,742203,'Whitstable','gb',1),
(37204,742203,'Wrotham','gb',1),
(37205,742203,'Wye','gb',1),
(37206,742204,'Accrington','gb',1),
(37207,742204,'Barnoldswick','gb',1),
(37208,742204,'Barrowford','gb',1),
(37209,742204,'Bilsborrow','gb',1),
(37210,742204,'Blackburn','gb',1),
(37211,742204,'Blackpool','gb',1),
(37212,742204,'Bolton','gb',1),
(37213,742204,'Borwick','gb',1),
(37214,742204,'Broughton','gb',1),
(37215,742204,'Burnley','gb',1),
(37216,742204,'Carnforth','gb',1),
(37217,742204,'Charnock Richard','gb',1),
(37218,742204,'Cheadle','gb',1),
(37219,742204,'Chipping','gb',1),
(37220,742204,'Chorley','gb',1),
(37221,742204,'Claughton','gb',1),
(37222,742204,'Clayton le Moors','gb',1),
(37223,742204,'Clayton le Woods','gb',1),
(37224,742204,'Clitheroe','gb',1),
(37225,742204,'Colne','gb',1),
(37226,742204,'Cowan Bridge','gb',1),
(37227,742204,'Darwen','gb',1),
(37228,742204,'Fleetwood','gb',1),
(37229,742204,'Garstang','gb',1),
(37230,742204,'Gisburn','gb',1),
(37231,742204,'Great Singleton','gb',1),
(37232,742204,'Heysham','gb',1),
(37233,742204,'Heywood','gb',1),
(37234,742204,'Hyde','gb',1),
(37235,742204,'Lancaster','gb',1),
(37236,742204,'Lancs','gb',1),
(37237,742204,'Last Drop Village','gb',1),
(37238,742204,'Leyland','gb',1),
(37239,742204,'Lytham St Annes','gb',1),
(37240,742204,'Morecambe','gb',1),
(37241,742204,'Nelson','gb',1),
(37242,742204,'Newhey','gb',1),
(37243,742204,'Ormskirk','gb',1),
(37244,742204,'Overton','gb',1),
(37245,742204,'Padiham','gb',1),
(37246,742204,'Preston','gb',1),
(37247,742204,'Rochdale','gb',1),
(37248,742204,'Rossendale','gb',1),
(37249,742204,'Saint Annes On Sea','gb',1),
(37250,742204,'Sawley','gb',1),
(37251,742204,'Simonstone','gb',1),
(37252,742204,'Skelmersdale','gb',1),
(37253,742204,'Slaidburn','gb',1),
(37254,742204,'Street','gb',1),
(37255,742204,'Walton-le-Dale','gb',1),
(37256,742204,'Whiston','gb',1),
(37257,742204,'Wrightington','gb',1),
(37258,742205,'Appleby Magna','gb',1),
(37259,742205,'Ashby de la Zouch','gb',1),
(37260,742205,'Belvoir','gb',1),
(37261,742205,'Coalville','gb',1),
(37262,742205,'Desford','gb',1),
(37263,742205,'Enderby','gb',1),
(37264,742205,'Hinckley','gb',1),
(37265,742205,'Husbands Bosworth','gb',1),
(37266,742205,'Leicester','gb',1),
(37267,742205,'Loughborough','gb',1),
(37268,742205,'Lutterworth','gb',1),
(37269,742205,'Market Bosworth','gb',1),
(37270,742205,'Market Harborough','gb',1),
(37271,742205,'Markfield','gb',1),
(37272,742205,'Melton Mowbray','gb',1),
(37273,742205,'Oadby','gb',1),
(37274,742205,'Oakham','gb',1),
(37275,742205,'Packington','gb',1),
(37276,742205,'Quorn','gb',1),
(37277,742205,'Rothley','gb',1),
(37278,742205,'Twycross','gb',1),
(37279,742205,'Ullesthorpe','gb',1),
(37280,742205,'Uppingham','gb',1),
(37281,742205,'Wigston','gb',1),
(37282,742206,'Alford','gb',1),
(37283,742206,'Belton','gb',1),
(37284,742206,'Boston','gb',1),
(37285,742206,'Bourne','gb',1),
(37286,742206,'Broughton','gb',1),
(37287,742206,'Cleethorpes','gb',1),
(37288,742206,'Donington','gb',1),
(37289,742206,'Gainsborough','gb',1),
(37290,742206,'Gibraltar','gb',1),
(37291,742206,'Grainthorpe','gb',1),
(37292,742206,'Grantham','gb',1),
(37293,742206,'Great Carlton','gb',1),
(37294,742206,'Great Coates','gb',1),
(37295,742206,'Great Grimsby','gb',1),
(37296,742206,'Harlaxton','gb',1),
(37297,742206,'HornCastle','gb',1),
(37298,742206,'Immingham','gb',1),
(37299,742206,'Kirkby','gb',1),
(37300,742206,'Kirkby Green','gb',1),
(37301,742206,'Kirmington','gb',1),
(37302,742206,'Laceby','gb',1),
(37303,742206,'Lincoln','gb',1),
(37304,742206,'Louth','gb',1),
(37305,742206,'Market Deeping','gb',1),
(37306,742206,'Market Rasen','gb',1),
(37307,742206,'Marton','gb',1),
(37308,742206,'Sapperton','gb',1),
(37309,742206,'Skegness','gb',1),
(37310,742206,'Sleaford','gb',1),
(37311,742206,'Spalding','gb',1),
(37312,742206,'Stamford','gb',1),
(37313,742206,'Stoke Rochford','gb',1),
(37314,742206,'Sutton On Sea','gb',1),
(37315,742206,'Syston','gb',1),
(37316,742206,'Tetford','gb',1),
(37317,742206,'Uffington','gb',1),
(37318,742206,'Woodhall','gb',1),
(37319,742207,'Aintree','gb',1),
(37320,742207,'Bebington','gb',1),
(37321,742207,'Birkenhead','gb',1),
(37322,742207,'Bromborough','gb',1),
(37323,742207,'Gayton','gb',1),
(37324,742207,'Haydock','gb',1),
(37325,742207,'Heswall','gb',1),
(37326,742207,'Hoylake','gb',1),
(37327,742207,'Knowsley','gb',1),
(37328,742207,'Liverpool','gb',1),
(37329,742207,'Maghull','gb',1),
(37330,742207,'Port Sunlight','gb',1),
(37331,742207,'Prenton','gb',1),
(37332,742207,'Prescot','gb',1),
(37333,742207,'Southport','gb',1),
(37334,742207,'St. Helens','gb',1),
(37335,742207,'Thornton Hough','gb',1),
(37336,742207,'Wallasey','gb',1),
(37337,742207,'Whiston','gb',1),
(37338,742207,'Widnes','gb',1),
(37339,742207,'Wirral','gb',1),
(37340,742208,'Attleborough','gb',1),
(37341,742208,'Aylsham','gb',1),
(37342,742208,'Beeston','gb',1),
(37343,742208,'Blakeney','gb',1),
(37344,742208,'Bressingham','gb',1),
(37345,742208,'Cawston','gb',1),
(37346,742208,'Congham','gb',1),
(37347,742208,'Diss','gb',1),
(37348,742208,'Downham Market','gb',1),
(37349,742208,'East Dereham','gb',1),
(37350,742208,'East Wretham','gb',1),
(37351,742208,'Fakenham','gb',1),
(37352,742208,'Felbrigg','gb',1),
(37353,742208,'Gayton','gb',1),
(37354,742208,'Gillingham','gb',1),
(37355,742208,'Great Yarmouth','gb',1),
(37356,742208,'Heacham','gb',1),
(37357,742208,'Hempnall','gb',1),
(37358,742208,'Holt','gb',1),
(37359,742208,'Hunstanton','gb',1),
(37360,742208,'King\'s Lynn','gb',1),
(37361,742208,'Little Walsingham','gb',1),
(37362,742208,'North Walsham','gb',1),
(37363,742208,'Northwold','gb',1),
(37364,742208,'Norwich','gb',1),
(37365,742208,'Old Hunstanton','gb',1),
(37366,742208,'Oxborough','gb',1),
(37367,742208,'Reepham','gb',1),
(37368,742208,'Rollesby','gb',1),
(37369,742208,'Scole','gb',1),
(37370,742208,'Sheringham','gb',1),
(37371,742208,'Stalham','gb',1),
(37372,742208,'Stoke By Nayland','gb',1),
(37373,742208,'Swaffham','gb',1),
(37374,742208,'Swardeston','gb',1),
(37375,742208,'Thetford','gb',1),
(37376,742208,'Thorpe Market','gb',1),
(37377,742208,'Walsingham','gb',1),
(37378,742208,'Wells Next the Sea','gb',1),
(37379,742208,'Wymondham','gb',1),
(37380,742209,'Appleton le Moors','gb',1),
(37381,742209,'Askrigg','gb',1),
(37382,742209,'Bedale','gb',1),
(37383,742209,'Bolton Abbey','gb',1),
(37384,742209,'Boroughbridge','gb',1),
(37385,742209,'Broughton','gb',1),
(37386,742209,'Castleton','gb',1),
(37387,742209,'Drax','gb',1),
(37388,742209,'Dunsley','gb',1),
(37389,742209,'Easington Lane','gb',1),
(37390,742209,'Easingwold','gb',1),
(37391,742209,'Ferrensby','gb',1),
(37392,742209,'Filey','gb',1),
(37393,742209,'Gisborough','gb',1),
(37394,742209,'Goathland','gb',1),
(37395,742209,'Grassington','gb',1),
(37396,742209,'Grosmont','gb',1),
(37397,742209,'Guisborough','gb',1),
(37398,742209,'Hackness','gb',1),
(37399,742209,'Harrogate','gb',1),
(37400,742209,'Hauxwell','gb',1),
(37401,742209,'Hawes','gb',1),
(37402,742209,'Hawnby','gb',1),
(37403,742209,'Haxby','gb',1),
(37404,742209,'Helmsley','gb',1),
(37405,742209,'Hovingham','gb',1),
(37406,742209,'Hunmanby','gb',1),
(37407,742209,'Kildwick','gb',1),
(37408,742209,'Kirkby','gb',1),
(37409,742209,'Kirkby Fleetham','gb',1),
(37410,742209,'Kirkby Grindalythe','gb',1),
(37411,742209,'Kirkby Malham','gb',1),
(37412,742209,'Kirkby Malzeard','gb',1),
(37413,742209,'Kirkby Mills','gb',1),
(37414,742209,'Kirkbymoorside','gb',1),
(37415,742209,'Kirkby Overblow','gb',1),
(37416,742209,'Knaresborough','gb',1),
(37417,742209,'Leeming Bar','gb',1),
(37418,742209,'Levisham','gb',1),
(37419,742209,'Leyburn','gb',1),
(37420,742209,'Malham','gb',1),
(37421,742209,'Malton','gb',1),
(37422,742209,'Masham','gb',1),
(37423,742209,'Middleham','gb',1),
(37424,742209,'Middlesbrough','gb',1),
(37425,742209,'Northallerton','gb',1),
(37426,742209,'North Yorkshire','gb',1),
(37427,742209,'Norton','gb',1),
(37428,742209,'Nunnington','gb',1),
(37429,742209,'Pickering','gb',1),
(37430,742209,'Richmond','gb',1),
(37431,742209,'Ripley','gb',1),
(37432,742209,'Ripon','gb',1),
(37433,742209,'Rosedale Abbey','gb',1),
(37434,742209,'Scarborough','gb',1),
(37435,742209,'Selby','gb',1),
(37436,742209,'Settle','gb',1),
(37437,742209,'Skipton','gb',1),
(37438,742209,'South Milford','gb',1),
(37439,742209,'Staithes','gb',1),
(37440,742209,'Staveley','gb',1),
(37441,742209,'Street','gb',1),
(37442,742209,'Tadcaster','gb',1),
(37443,742209,'Teesside','gb',1),
(37444,742209,'Thirsk','gb',1),
(37445,742209,'West Witton','gb',1),
(37446,742209,'Whitby','gb',1),
(37447,742209,'Wilton','gb',1),
(37448,742209,'Yarm','gb',1),
(37449,742209,'York','gb',1),
(37450,742210,'Brackley','gb',1),
(37451,742210,'Broughton','gb',1),
(37452,742210,'Castle Ashby','gb',1),
(37453,742210,'Corby','gb',1),
(37454,742210,'Crick','gb',1),
(37455,742210,'Daventry','gb',1),
(37456,742210,'Desborough','gb',1),
(37457,742210,'Edwinstowe','gb',1),
(37458,742210,'Finedon','gb',1),
(37459,742210,'Gayton','gb',1),
(37460,742210,'Kettering','gb',1),
(37461,742210,'Kings Sutton','gb',1),
(37462,742210,'Northampton','gb',1),
(37463,742210,'Oundle','gb',1),
(37464,742210,'Silverstone','gb',1),
(37465,742210,'Southwick','gb',1),
(37466,742210,'Stoke Bruerne','gb',1),
(37467,742210,'Thrapston','gb',1),
(37468,742210,'Towcester Silverstone','gb',1),
(37469,742210,'Weedon Bec','gb',1),
(37470,742210,'Wellingborough','gb',1),
(37471,742210,'Woodford','gb',1),
(37472,742211,'Alnwick','gb',1),
(37473,742211,'Amble','gb',1),
(37474,742211,'Bamburgh','gb',1),
(37475,742211,'Belford','gb',1),
(37476,742211,'Berwick Upon Tweed','gb',1),
(37477,742211,'Blanchland','gb',1),
(37478,742211,'Chollerford','gb',1),
(37479,742211,'Corbridge','gb',1),
(37480,742211,'Cramlington','gb',1),
(37481,742211,'Craster','gb',1),
(37482,742211,'Greenhead','gb',1),
(37483,742211,'Lexham','gb',1),
(37484,742211,'Longhorsley','gb',1),
(37485,742211,'Morpeth','gb',1),
(37486,742211,'Otterburn','gb',1),
(37487,742211,'Ponteland','gb',1),
(37488,742211,'Powburn','gb',1),
(37489,742211,'Rock','gb',1),
(37490,742211,'Rothbury','gb',1),
(37491,742211,'Stonehouse','gb',1),
(37492,742211,'Wall','gb',1),
(37493,742211,'Warkworth','gb',1),
(37494,742211,'Wooler','gb',1),
(37495,742212,'Beeston','gb',1),
(37496,742212,'Blyth','gb',1),
(37497,742212,'Claverton','gb',1),
(37498,742212,'Darlton','gb',1),
(37499,742212,'East Retford','gb',1),
(37500,742212,'Eastwood','gb',1),
(37501,742212,'Granby','gb',1),
(37502,742212,'Harwell','gb',1),
(37503,742212,'Hucknall','gb',1),
(37504,742212,'Kegworth','gb',1),
(37505,742212,'Kirkby in Ashfield','gb',1),
(37506,742212,'Mansfield','gb',1),
(37507,742212,'Newark On Trent','gb',1),
(37508,742212,'New Ollerton','gb',1),
(37509,742212,'Nottingham','gb',1),
(37510,742212,'Ollerton','gb',1),
(37511,742212,'Retford','gb',1),
(37512,742212,'Southwell','gb',1),
(37513,742212,'Sutton-in-Ashfield','gb',1),
(37514,742212,'Torworth','gb',1),
(37515,742212,'West Bridgford','gb',1),
(37516,742212,'Wilford','gb',1),
(37517,742212,'Worksop','gb',1),
(37518,742213,'Abingdon','gb',1),
(37519,742213,'Banbury','gb',1),
(37520,742213,'Bicester','gb',1),
(37521,742213,'Bladon','gb',1),
(37522,742213,'Bledington','gb',1),
(37523,742213,'Blenheim Palace','gb',1),
(37524,742213,'Broughton','gb',1),
(37525,742213,'Burford','gb',1),
(37526,742213,'Charlbury','gb',1),
(37527,742213,'Chinnor','gb',1),
(37528,742213,'Chipping Norton','gb',1),
(37529,742213,'Claydon','gb',1),
(37530,742213,'Cornwell','gb',1),
(37531,742213,'Cropredy','gb',1),
(37532,742213,'Deddington','gb',1),
(37533,742213,'Didcot','gb',1),
(37534,742213,'Dorchester','gb',1),
(37535,742213,'Duns Tew','gb',1),
(37536,742213,'Enstone','gb',1),
(37537,742213,'Faringdon','gb',1),
(37538,742213,'Garsington','gb',1),
(37539,742213,'Great Milton','gb',1),
(37540,742213,'Greenfield','gb',1),
(37541,742213,'Harwell','gb',1),
(37542,742213,'Henley On Thames','gb',1),
(37543,742213,'Kelmscott','gb',1),
(37544,742213,'Kidlington','gb',1),
(37545,742213,'Kingham','gb',1),
(37546,742213,'Kingston Bagpuize','gb',1),
(37547,742213,'Mapledurham','gb',1),
(37548,742213,'Middleton Stoney','gb',1),
(37549,742213,'Milton Common','gb',1),
(37550,742213,'Minster Lovell','gb',1),
(37551,742213,'Oxford','gb',1),
(37552,742213,'Pusey','gb',1),
(37553,742213,'Radcot','gb',1),
(37554,742213,'Salford','gb',1),
(37555,742213,'Shipton on Cherwell','gb',1),
(37556,742213,'Stanford in the Vale','gb',1),
(37557,742213,'Stanton Harcourt','gb',1),
(37558,742213,'Steeple Aston','gb',1),
(37559,742213,'Steventon','gb',1),
(37560,742213,'Sutton Courtenay','gb',1),
(37561,742213,'Swalciffe','gb',1),
(37562,742213,'Swinbrook','gb',1),
(37563,742213,'Sydenham','gb',1),
(37564,742213,'Thame','gb',1),
(37565,742213,'Uffington','gb',1),
(37566,742213,'Wallingford','gb',1),
(37567,742213,'Wantage','gb',1),
(37568,742213,'Waterperry','gb',1),
(37569,742213,'Wheatley','gb',1),
(37570,742213,'Witney','gb',1),
(37571,742213,'Woodstock','gb',1),
(37572,742213,'Wroxton','gb',1),
(37573,742214,'Cottesmore','gb',1),
(37574,742214,'Glaston','gb',1),
(37575,742215,'Albrighton','gb',1),
(37576,742215,'Bridgnorth','gb',1),
(37577,742215,'Church Stretton','gb',1),
(37578,742215,'Cleobury Mortimer','gb',1),
(37579,742215,'Craven Arms','gb',1),
(37580,742215,'Donnington','gb',1),
(37581,742215,'Ironbridge','gb',1),
(37582,742215,'Kenley','gb',1),
(37583,742215,'Lilleshall','gb',1),
(37584,742215,'Ludlow','gb',1),
(37585,742215,'Market Drayton','gb',1),
(37586,742215,'Marton','gb',1),
(37587,742215,'Much Wenlock','gb',1),
(37588,742215,'Newport','gb',1),
(37589,742215,'Northwood','gb',1),
(37590,742215,'Oswestry','gb',1),
(37591,742215,'Shifnal','gb',1),
(37592,742215,'Shrewsbury','gb',1),
(37593,742215,'St Martins','gb',1),
(37594,742215,'Telford','gb',1),
(37595,742215,'Uffington','gb',1),
(37596,742215,'Wellington','gb',1),
(37597,742215,'Whitchurch','gb',1),
(37598,742216,'Alcombe','gb',1),
(37599,742216,'Axbridge','gb',1),
(37600,742216,'Barrington','gb',1),
(37601,742216,'Bath','gb',1),
(37602,742216,'Brent Knoll','gb',1),
(37603,742216,'Bridgwater','gb',1),
(37604,742216,'Bruton','gb',1),
(37605,742216,'Burnham On Sea','gb',1),
(37606,742216,'Castle Cary','gb',1),
(37607,742216,'Chapel Allerton','gb',1),
(37608,742216,'Chard','gb',1),
(37609,742216,'Cheddar','gb',1),
(37610,742216,'Cheddon Fitzpain','gb',1),
(37611,742216,'Chewton Mendip','gb',1),
(37612,742216,'Chilcompton','gb',1),
(37613,742216,'Chiltington','gb',1),
(37614,742216,'Claverton','gb',1),
(37615,742216,'Crewkerne','gb',1),
(37616,742216,'Dulverton','gb',1),
(37617,742216,'Dunster','gb',1),
(37618,742216,'East Brent','gb',1),
(37619,742216,'East Lambrook','gb',1),
(37620,742216,'Exford','gb',1),
(37621,742216,'Frome','gb',1),
(37622,742216,'Glastonbury','gb',1),
(37623,742216,'Hawkridge','gb',1),
(37624,742216,'Heathfield','gb',1),
(37625,742216,'Highbridge','gb',1),
(37626,742216,'Ilminster','gb',1),
(37627,742216,'Kilve','gb',1),
(37628,742216,'Kingsdon','gb',1),
(37629,742216,'Langport','gb',1),
(37630,742216,'Limpley Stoke','gb',1),
(37631,742216,'Loxton','gb',1),
(37632,742216,'Martock','gb',1),
(37633,742216,'Minehead','gb',1),
(37634,742216,'Montacute','gb',1),
(37635,742216,'Norton St. Philip','gb',1),
(37636,742216,'Porlock','gb',1),
(37637,742216,'Selworthy','gb',1),
(37638,742216,'Shepton Mallet','gb',1),
(37639,742216,'Simonsbath','gb',1),
(37640,742216,'Ston Easton','gb',1),
(37641,742216,'Street','gb',1),
(37642,742216,'Street On the Fosse','gb',1),
(37643,742216,'Taunton','gb',1),
(37644,742216,'Tintinhull','gb',1),
(37645,742216,'Wanstrow','gb',1),
(37646,742216,'Wedmore','gb',1),
(37647,742216,'Wells','gb',1),
(37648,742216,'Weston Super Mare','gb',1),
(37649,742216,'Williton','gb',1),
(37650,742216,'Wilton','gb',1),
(37651,742216,'Wincanton','gb',1),
(37652,742216,'Wiveliscombe','gb',1),
(37653,742216,'Wootton Courtenay','gb',1),
(37654,742216,'Yeovil','gb',1),
(37655,742217,'Ardsley','gb',1),
(37656,742217,'Barnsley','gb',1),
(37657,742217,'Bawtry','gb',1),
(37658,742217,'Denaby Main','gb',1),
(37659,742217,'Doncaster','gb',1),
(37660,742217,'Rotherham','gb',1),
(37661,742217,'Sheffield','gb',1),
(37662,742217,'Tankersley','gb',1),
(37663,742217,'Todwick','gb',1),
(37664,742217,'Woodall','gb',1),
(37665,742218,'Biddulph','gb',1),
(37666,742218,'Burntwood','gb',1),
(37667,742218,'Burslem','gb',1),
(37668,742218,'Burton On Trent','gb',1),
(37669,742218,'Cannock','gb',1),
(37670,742218,'Cannock Wood','gb',1),
(37671,742218,'Denstone','gb',1),
(37672,742218,'Gayton','gb',1),
(37673,742218,'Hanley','gb',1),
(37674,742218,'Hednesford','gb',1),
(37675,742218,'Keele','gb',1),
(37676,742218,'Leek','gb',1),
(37677,742218,'Lichfield','gb',1),
(37678,742218,'Madeley','gb',1),
(37679,742218,'Milford','gb',1),
(37680,742218,'Moreton','gb',1),
(37681,742218,'Newcastle Under Lyme','gb',1),
(37682,742218,'Norbury','gb',1),
(37683,742218,'Norton Canes','gb',1),
(37684,742218,'Penkridge','gb',1),
(37685,742218,'Rocester','gb',1),
(37686,742218,'Rudyard','gb',1),
(37687,742218,'Rugeley','gb',1),
(37688,742218,'Stafford','gb',1),
(37689,742218,'Stanley','gb',1),
(37690,742218,'Stoke On Trent','gb',1),
(37691,742218,'Stone','gb',1),
(37692,742218,'Stourton','gb',1),
(37693,742218,'Tamworth','gb',1),
(37694,742218,'Uttoxeter','gb',1),
(37695,742218,'Wall','gb',1),
(37696,742218,'Yoxall','gb',1),
(37697,742219,'Aldeburgh','gb',1),
(37698,742219,'Barking','gb',1),
(37699,742219,'Beccles','gb',1),
(37700,742219,'Bentley','gb',1),
(37701,742219,'Brandeston','gb',1),
(37702,742219,'Brandon','gb',1),
(37703,742219,'Bungay','gb',1),
(37704,742219,'Bures','gb',1),
(37705,742219,'Bury St. Edmunds','gb',1),
(37706,742219,'Clare','gb',1),
(37707,742219,'Denham','gb',1),
(37708,742219,'East Bergholt','gb',1),
(37709,742219,'Eye','gb',1),
(37710,742219,'Felixstowe','gb',1),
(37711,742219,'Framlingham','gb',1),
(37712,742219,'Halesworth','gb',1),
(37713,742219,'Haverhill','gb',1),
(37714,742219,'Helmingham','gb',1),
(37715,742219,'Hintlesham','gb',1),
(37716,742219,'Horringer','gb',1),
(37717,742219,'Ipswich','gb',1),
(37718,742219,'Ixworth','gb',1),
(37719,742219,'Kersey','gb',1),
(37720,742219,'Lavenham','gb',1),
(37721,742219,'Leiston','gb',1),
(37722,742219,'Long Melford','gb',1),
(37723,742219,'Lowestoft','gb',1),
(37724,742219,'Mildenhall','gb',1),
(37725,742219,'Newmarket','gb',1),
(37726,742219,'Nowton','gb',1),
(37727,742219,'Orford','gb',1),
(37728,742219,'Reydon','gb',1),
(37729,742219,'Saxmundham','gb',1),
(37730,742219,'Sizewell','gb',1),
(37731,742219,'Southwold','gb',1),
(37732,742219,'Stowmarket','gb',1),
(37733,742219,'Sudbury','gb',1),
(37734,742219,'Thornham Magna','gb',1),
(37735,742219,'Ufford','gb',1),
(37736,742219,'Woodbridge','gb',1),
(37737,742219,'Worlingworth','gb',1),
(37738,742219,'Yoxford','gb',1),
(37739,742220,'Addlestone','gb',1),
(37740,742220,'Ashtead','gb',1),
(37741,742220,'Bagshot','gb',1),
(37742,742220,'Bisley','gb',1),
(37743,742220,'Byfleet','gb',1),
(37744,742220,'Camberley','gb',1),
(37745,742220,'Caterham','gb',1),
(37746,742220,'Cobham','gb',1),
(37747,742220,'Compton','gb',1),
(37748,742220,'Cranleigh','gb',1),
(37749,742220,'Dorking','gb',1),
(37750,742220,'East Molesey','gb',1),
(37751,742220,'Egham','gb',1),
(37752,742220,'Ellens Green','gb',1),
(37753,742220,'Epsom','gb',1),
(37754,742220,'Esher','gb',1),
(37755,742220,'Farleigh','gb',1),
(37756,742220,'Farnham','gb',1),
(37757,742220,'Frimley','gb',1),
(37758,742220,'Godalming','gb',1),
(37759,742220,'Godstone','gb',1),
(37760,742220,'Guildford','gb',1),
(37761,742220,'Hambledon','gb',1),
(37762,742220,'Hampton Court','gb',1),
(37763,742220,'Haslemere','gb',1),
(37764,742220,'Headley','gb',1),
(37765,742220,'Hindhead','gb',1),
(37766,742220,'Holmbury St Mary','gb',1),
(37767,742220,'Horley','gb',1),
(37768,742220,'Leatherhead','gb',1),
(37769,742220,'Little Bookham','gb',1),
(37770,742220,'Long Ditton','gb',1),
(37771,742220,'Milford','gb',1),
(37772,742220,'Newdigate','gb',1),
(37773,742220,'Ockley','gb',1),
(37774,742220,'Ottershaw','gb',1),
(37775,742220,'Oxted','gb',1),
(37776,742220,'Peaslake','gb',1),
(37777,742220,'Redhill','gb',1),
(37778,742220,'Reigate','gb',1),
(37779,742220,'Richmond','gb',1),
(37780,742220,'Sanderstead','gb',1),
(37781,742220,'Seale','gb',1),
(37782,742220,'Shepperton','gb',1),
(37783,742220,'Smallfield','gb',1),
(37784,742220,'Staines','gb',1),
(37785,742220,'Stanwell','gb',1),
(37786,742220,'Surbiton','gb',1),
(37787,742220,'Tadworth','gb',1),
(37788,742220,'Thames Ditton','gb',1),
(37789,742220,'Thornton Heath','gb',1),
(37790,742220,'Virginia Water','gb',1),
(37791,742220,'Walton on Thames','gb',1),
(37792,742220,'West Byfleet','gb',1),
(37793,742220,'West Horsley','gb',1),
(37794,742220,'Weybridge','gb',1),
(37795,742220,'Windlesham','gb',1),
(37796,742220,'Wisley','gb',1),
(37797,742220,'Woking','gb',1),
(37798,742220,'Woldingham','gb',1),
(37799,742220,'Wormley','gb',1),
(37800,742220,'Wotton','gb',1),
(37801,742221,'Allensford','gb',1),
(37802,742221,'Boldon','gb',1),
(37803,742221,'Gateshead','gb',1),
(37804,742221,'Gosforth','gb',1),
(37805,742221,'Newcastle','gb',1),
(37806,742221,'South Shields','gb',1),
(37807,742221,'Sunderland','gb',1),
(37808,742221,'Tynemouth','gb',1),
(37809,742221,'Wallsend','gb',1),
(37810,742221,'Washington','gb',1),
(37811,742221,'Whitley Bay','gb',1),
(37812,742222,'Abbot\'s Salford','gb',1),
(37813,742222,'Alcester','gb',1),
(37814,742222,'Alderminster','gb',1),
(37815,742222,'Ansty','gb',1),
(37816,742222,'Atherstone','gb',1),
(37817,742222,'Attleborough','gb',1),
(37818,742222,'Barford','gb',1),
(37819,742222,'Bearley','gb',1),
(37820,742222,'Bulkington','gb',1),
(37821,742222,'Charlecote','gb',1),
(37822,742222,'Cosford','gb',1),
(37823,742222,'Exhall','gb',1),
(37824,742222,'Gaydon','gb',1),
(37825,742222,'Haseley','gb',1),
(37826,742222,'Kenilworth','gb',1),
(37827,742222,'Kingsbury','gb',1),
(37828,742222,'Lea Marston','gb',1),
(37829,742222,'Leamington Spa','gb',1),
(37830,742222,'Lighthorne','gb',1),
(37831,742222,'Longbridge','gb',1),
(37832,742222,'Marlow-on-Thames','gb',1),
(37833,742222,'Marton','gb',1),
(37834,742222,'Meriden','gb',1),
(37835,742222,'Nuneaton','gb',1),
(37836,742222,'Rugby','gb',1),
(37837,742222,'Shipston on Stour','gb',1),
(37838,742222,'Stoneleigh','gb',1),
(37839,742222,'Stourton','gb',1),
(37840,742222,'Stratford Upon Avon','gb',1),
(37841,742222,'Studley','gb',1),
(37842,742222,'Warwick','gb',1),
(37843,742222,'Welford On Avon','gb',1),
(37844,742222,'Wellesbourne','gb',1),
(37845,742222,'Whichford','gb',1),
(37846,742222,'Wishaw','gb',1),
(37847,742223,'Albridge','gb',1),
(37848,742223,'Allesley','gb',1),
(37849,742223,'Berkswell','gb',1),
(37850,742223,'Birmingham','gb',1),
(37851,742223,'Bloxwich','gb',1),
(37852,742223,'Bournville','gb',1),
(37853,742223,'Brierley Hill','gb',1),
(37854,742223,'Coleshill','gb',1),
(37855,742223,'Coventry','gb',1),
(37856,742223,'Dudley','gb',1),
(37857,742223,'Edgbaston','gb',1),
(37858,742223,'Erdington','gb',1),
(37859,742223,'Halesowen','gb',1),
(37860,742223,'Henley in Arden','gb',1),
(37861,742223,'Hockley Heath','gb',1),
(37862,742223,'Longbridge','gb',1),
(37863,742223,'Meriden','gb',1),
(37864,742223,'Oldbury','gb',1),
(37865,742223,'Solihull','gb',1),
(37866,742223,'Stourbridge','gb',1),
(37867,742223,'Sutton Coldfield','gb',1),
(37868,742223,'Walsall','gb',1),
(37869,742223,'West Bromwich','gb',1),
(37870,742223,'Wolverhampton','gb',1),
(37871,742224,'Albourne','gb',1),
(37872,742224,'Amberley','gb',1),
(37873,742224,'Ansty','gb',1),
(37874,742224,'Ardingly','gb',1),
(37875,742224,'Arundel','gb',1),
(37876,742224,'Ashington','gb',1),
(37877,742224,'Balcombe','gb',1),
(37878,742224,'Billinghurst','gb',1),
(37879,742224,'Birdham','gb',1),
(37880,742224,'Bodiam','gb',1),
(37881,742224,'Bognor Regis','gb',1),
(37882,742224,'Bolney','gb',1),
(37883,742224,'Burgess Hill','gb',1),
(37884,742224,'Burpham','gb',1),
(37885,742224,'Chichester','gb',1),
(37886,742224,'Climping','gb',1),
(37887,742224,'Compton','gb',1),
(37888,742224,'Copsale','gb',1),
(37889,742224,'Copthorne','gb',1),
(37890,742224,'Crawley','gb',1),
(37891,742224,'Cuckfield','gb',1),
(37892,742224,'Donnington','gb',1),
(37893,742224,'East Grinstead','gb',1),
(37894,742224,'East Preston','gb',1),
(37895,742224,'Fontwell','gb',1),
(37896,742224,'Gatwick','gb',1),
(37897,742224,'Greatham','gb',1),
(37898,742224,'Grinstead','gb',1),
(37899,742224,'Handcross','gb',1),
(37900,742224,'Hassocks','gb',1),
(37901,742224,'Haywards Heath','gb',1),
(37902,742224,'Henfield','gb',1),
(37903,742224,'Hickstead','gb',1),
(37904,742224,'Horsham','gb',1),
(37905,742224,'Horsted Keynes','gb',1),
(37906,742224,'Lancing','gb',1),
(37907,742224,'Littlehampton','gb',1),
(37908,742224,'Lower Beeding','gb',1),
(37909,742224,'Midhurst','gb',1),
(37910,742224,'Petworth','gb',1),
(37911,742224,'Pulborough','gb',1),
(37912,742224,'Rudgwick','gb',1),
(37913,742224,'Rusper','gb',1),
(37914,742224,'Singleton','gb',1),
(37915,742224,'Southwater','gb',1),
(37916,742224,'Southwick','gb',1),
(37917,742224,'Steyning','gb',1),
(37918,742224,'Storrington','gb',1),
(37919,742224,'Street End','gb',1),
(37920,742224,'Sutton','gb',1),
(37921,742224,'Turners Hill','gb',1),
(37922,742224,'Worthing','gb',1),
(37923,742225,'Batley','gb',1),
(37924,742225,'Bingley','gb',1),
(37925,742225,'Birkenshaw','gb',1),
(37926,742225,'Boston Spa','gb',1),
(37927,742225,'Bradford','gb',1),
(37928,742225,'Bramhope','gb',1),
(37929,742225,'Brighouse','gb',1),
(37930,742225,'Castleford','gb',1),
(37931,742225,'Cleckheaton','gb',1),
(37932,742225,'Dewsbury','gb',1),
(37933,742225,'Farsley','gb',1),
(37934,742225,'Garforth','gb',1),
(37935,742225,'Gomersal','gb',1),
(37936,742225,'Guiseley','gb',1),
(37937,742225,'Halifax','gb',1),
(37938,742225,'Harewood','gb',1),
(37939,742225,'Hartshead Moor','gb',1),
(37940,742225,'Haworth','gb',1),
(37941,742225,'Hebden Bridge','gb',1),
(37942,742225,'Heckmondwike','gb',1),
(37943,742225,'Hipperholme','gb',1),
(37944,742225,'Holmfirth','gb',1),
(37945,742225,'Huddersfield','gb',1),
(37946,742225,'Ilkley','gb',1),
(37947,742225,'Ingrow','gb',1),
(37948,742225,'Keighley','gb',1),
(37949,742225,'Kippax','gb',1),
(37950,742225,'Kirkburton','gb',1),
(37951,742225,'Leeds','gb',1),
(37952,742225,'Linton','gb',1),
(37953,742225,'Liversedge','gb',1),
(37954,742225,'Mirfield','gb',1),
(37955,742225,'Normanton','gb',1),
(37956,742225,'Ossett','gb',1),
(37957,742225,'Otley','gb',1),
(37958,742225,'Oulton','gb',1),
(37959,742225,'Pontefract','gb',1),
(37960,742225,'Pudsey','gb',1),
(37961,742225,'Shipley','gb',1),
(37962,742225,'Sowerby Bridge','gb',1),
(37963,742225,'Wakefield','gb',1),
(37964,742225,'Wetherby','gb',1),
(37965,742225,'Woodwetherby','gb',1),
(37966,742226,'Amesbury','gb',1),
(37967,742226,'Ansty','gb',1),
(37968,742226,'Ashton Keynes','gb',1),
(37969,742226,'Avebury','gb',1),
(37970,742226,'Box','gb',1),
(37971,742226,'Bradford On Avon','gb',1),
(37972,742226,'Bulford','gb',1),
(37973,742226,'Calne','gb',1),
(37974,742226,'Castle Combe','gb',1),
(37975,742226,'Castle Eaton','gb',1),
(37976,742226,'Chippenham','gb',1),
(37977,742226,'Cippenham','gb',1),
(37978,742226,'Colerne','gb',1),
(37979,742226,'Compton','gb',1),
(37980,742226,'Corsham','gb',1),
(37981,742226,'Cricklade','gb',1),
(37982,742226,'Devizes','gb',1),
(37983,742226,'Goring','gb',1),
(37984,742226,'Highworth','gb',1),
(37985,742226,'Hindon','gb',1),
(37986,742226,'Kilmington','gb',1),
(37987,742226,'Lacock','gb',1),
(37988,742226,'Longleat','gb',1),
(37989,742226,'Malmesbury','gb',1),
(37990,742226,'Marden','gb',1),
(37991,742226,'Marlborough','gb',1),
(37992,742226,'Melksham','gb',1),
(37993,742226,'Mere','gb',1),
(37994,742226,'Pewsey','gb',1),
(37995,742226,'Salisbury','gb',1),
(37996,742226,'Slaughterford','gb',1),
(37997,742226,'South Marston','gb',1),
(37998,742226,'Southwick','gb',1),
(37999,742226,'Stanton Fitzwarren','gb',1),
(38000,742226,'Stourton','gb',1),
(38001,742226,'Swindon','gb',1),
(38002,742226,'Trowbridge','gb',1),
(38003,742226,'Warminster','gb',1),
(38004,742226,'Westbury','gb',1),
(38005,742226,'West Kington','gb',1),
(38006,742226,'Wilton','gb',1),
(38007,742226,'Wootton Bassett','gb',1),
(38008,742226,'Wootton Rivers','gb',1),
(38009,742226,'Wroughton','gb',1),
(38010,742227,'Abberley','gb',1),
(38011,742227,'Badsey','gb',1),
(38012,742227,'Bentley','gb',1),
(38013,742227,'Bewdley','gb',1),
(38014,742227,'Broadway','gb',1),
(38015,742227,'Bromsgrove','gb',1),
(38016,742227,'Droitwich','gb',1),
(38017,742227,'Eckington','gb',1),
(38018,742227,'Evesham','gb',1),
(38019,742227,'Frith Common','gb',1),
(38020,742227,'Hartlebury','gb',1),
(38021,742227,'Kemerton','gb',1),
(38022,742227,'Kidderminster','gb',1),
(38023,742227,'Kington','gb',1),
(38024,742227,'Little Witley','gb',1),
(38025,742227,'Malvern','gb',1),
(38026,742227,'Naunton','gb',1),
(38027,742227,'Pershore','gb',1),
(38028,742227,'Redditch','gb',1),
(38029,742227,'Rock','gb',1),
(38030,742227,'Stone','gb',1),
(38031,742227,'Stourport On Severn','gb',1),
(38032,742227,'Tenbury Wells','gb',1),
(38033,742227,'Upton Upon Severn','gb',1),
(38034,742227,'Worcester','gb',1);

/* Table structure for table `oc_t_city_area` */
CREATE TABLE `oc_t_city_area` (
  `pk_i_id` int(10) unsigned NOT NULL,
  `fk_i_city_id` int(10) unsigned NOT NULL,
  `s_name` varchar(255) NOT NULL,
  PRIMARY KEY (`pk_i_id`),
  KEY `fk_i_city_id` (`fk_i_city_id`),
  KEY `idx_s_name` (`s_name`),
  CONSTRAINT `oc_t_city_area_ibfk_1` FOREIGN KEY (`fk_i_city_id`) REFERENCES `oc_t_city` (`pk_i_id`)
) ENGINE=InnoDB DEFAULT CHARSET=utf8;


/* Table structure for table `oc_t_widget` */
CREATE TABLE `oc_t_widget` (
  `pk_i_id` int(10) unsigned NOT NULL AUTO_INCREMENT,
  `s_description` varchar(40) NOT NULL,
  `s_location` varchar(40) NOT NULL,
  `e_kind` enum('TEXT','HTML') NOT NULL,
  `s_content` mediumtext NOT NULL,
  PRIMARY KEY (`pk_i_id`)
) ENGINE=InnoDB DEFAULT CHARSET=utf8;


/* Table structure for table `oc_t_admin` */
CREATE TABLE `oc_t_admin` (
  `pk_i_id` int(10) unsigned NOT NULL AUTO_INCREMENT,
  `s_name` varchar(100) NOT NULL,
  `s_username` varchar(40) NOT NULL,
  `s_password` varchar(40) NOT NULL,
  `s_email` varchar(100) DEFAULT NULL,
  `s_secret` varchar(40) DEFAULT NULL,
  `b_moderator` tinyint(1) NOT NULL DEFAULT '0',
  PRIMARY KEY (`pk_i_id`),
  UNIQUE KEY `s_username` (`s_username`),
  UNIQUE KEY `s_email` (`s_email`)
) ENGINE=InnoDB AUTO_INCREMENT=2 DEFAULT CHARSET=utf8;

/* dumping data for table `oc_t_admin` */
insert into `oc_t_admin` values
(1,'Administrator','kkk','5150d2104c8cd974b27fad3f25ec4e8098bb7bbe','bart.sakwerda@gmail.com','yR9xuEPq',0);

/* Table structure for table `oc_t_user` */
CREATE TABLE `oc_t_user` (
  `pk_i_id` int(10) unsigned NOT NULL AUTO_INCREMENT,
  `dt_reg_date` datetime NOT NULL,
  `dt_mod_date` datetime DEFAULT NULL,
  `s_name` varchar(100) NOT NULL,
  `s_password` varchar(40) NOT NULL,
  `s_secret` varchar(40) DEFAULT NULL,
  `s_email` varchar(100) DEFAULT NULL,
  `s_website` varchar(100) DEFAULT NULL,
  `s_phone_land` varchar(45) DEFAULT NULL,
  `s_phone_mobile` varchar(45) DEFAULT NULL,
  `b_enabled` tinyint(1) NOT NULL DEFAULT '1',
  `b_active` tinyint(1) NOT NULL DEFAULT '0',
  `s_pass_code` varchar(100) DEFAULT NULL,
  `s_pass_date` datetime DEFAULT NULL,
  `s_pass_ip` varchar(15) DEFAULT NULL,
  `fk_c_country_code` char(2) DEFAULT NULL,
  `s_country` varchar(40) DEFAULT NULL,
  `s_address` varchar(100) DEFAULT NULL,
  `s_zip` varchar(15) DEFAULT NULL,
  `fk_i_region_id` int(10) unsigned DEFAULT NULL,
  `s_region` varchar(100) DEFAULT NULL,
  `fk_i_city_id` int(10) unsigned DEFAULT NULL,
  `s_city` varchar(100) DEFAULT NULL,
  `fk_i_city_area_id` int(10) unsigned DEFAULT NULL,
  `s_city_area` varchar(200) DEFAULT NULL,
  `d_coord_lat` decimal(10,6) DEFAULT NULL,
  `d_coord_long` decimal(10,6) DEFAULT NULL,
  `b_company` tinyint(1) NOT NULL DEFAULT '0',
  `i_items` int(10) unsigned DEFAULT '0',
  `i_comments` int(10) unsigned DEFAULT '0',
  `dt_access_date` datetime NOT NULL DEFAULT '0000-00-00 00:00:00',
  `s_access_ip` varchar(15) NOT NULL DEFAULT '',
  PRIMARY KEY (`pk_i_id`),
  UNIQUE KEY `s_email` (`s_email`),
  KEY `idx_s_name` (`s_name`(6)),
  KEY `fk_c_country_code` (`fk_c_country_code`),
  KEY `fk_i_region_id` (`fk_i_region_id`),
  KEY `fk_i_city_id` (`fk_i_city_id`),
  KEY `fk_i_city_area_id` (`fk_i_city_area_id`),
  CONSTRAINT `oc_t_user_ibfk_1` FOREIGN KEY (`fk_c_country_code`) REFERENCES `oc_t_country` (`pk_c_code`),
  CONSTRAINT `oc_t_user_ibfk_2` FOREIGN KEY (`fk_i_region_id`) REFERENCES `oc_t_region` (`pk_i_id`),
  CONSTRAINT `oc_t_user_ibfk_3` FOREIGN KEY (`fk_i_city_id`) REFERENCES `oc_t_city` (`pk_i_id`),
  CONSTRAINT `oc_t_user_ibfk_4` FOREIGN KEY (`fk_i_city_area_id`) REFERENCES `oc_t_city_area` (`pk_i_id`)
) ENGINE=InnoDB DEFAULT CHARSET=utf8;


/* Table structure for table `oc_t_user_description` */
CREATE TABLE `oc_t_user_description` (
  `fk_i_user_id` int(10) unsigned NOT NULL,
  `fk_c_locale_code` char(5) NOT NULL,
  `s_info` text,
  PRIMARY KEY (`fk_i_user_id`,`fk_c_locale_code`),
  KEY `fk_c_locale_code` (`fk_c_locale_code`),
  CONSTRAINT `oc_t_user_description_ibfk_1` FOREIGN KEY (`fk_i_user_id`) REFERENCES `oc_t_user` (`pk_i_id`),
  CONSTRAINT `oc_t_user_description_ibfk_2` FOREIGN KEY (`fk_c_locale_code`) REFERENCES `oc_t_locale` (`pk_c_code`)
) ENGINE=InnoDB DEFAULT CHARSET=utf8;


/* Table structure for table `oc_t_category` */
CREATE TABLE `oc_t_category` (
  `pk_i_id` int(10) unsigned NOT NULL AUTO_INCREMENT,
  `fk_i_parent_id` int(10) unsigned DEFAULT NULL,
  `i_expiration_days` int(3) unsigned NOT NULL DEFAULT '0',
  `i_position` int(2) unsigned NOT NULL DEFAULT '0',
  `b_enabled` tinyint(1) NOT NULL DEFAULT '1',
  `s_icon` varchar(250) DEFAULT NULL,
  PRIMARY KEY (`pk_i_id`),
  KEY `fk_i_parent_id` (`fk_i_parent_id`),
  KEY `i_position` (`i_position`),
  CONSTRAINT `oc_t_category_ibfk_1` FOREIGN KEY (`fk_i_parent_id`) REFERENCES `oc_t_category` (`pk_i_id`)
) ENGINE=InnoDB AUTO_INCREMENT=96 DEFAULT CHARSET=utf8;

/* dumping data for table `oc_t_category` */
insert into `oc_t_category` values
(1,null,0,3,1,null),
(2,null,0,4,0,null),
(3,null,0,2,0,null),
(4,null,0,0,1,null),
(5,null,0,5,0,null),
(6,null,0,6,1,null),
(7,null,0,7,1,null),
(8,null,0,1,1,null),
(9,1,0,0,1,null),
(10,1,0,1,1,null),
(11,1,0,2,1,null),
(12,1,0,3,1,null),
(13,1,0,4,1,null),
(14,1,0,5,1,null),
(15,1,0,6,1,null),
(16,1,0,7,1,null),
(17,1,0,8,1,null),
(18,1,0,9,1,null),
(19,1,0,10,1,null),
(20,1,0,11,1,null),
(21,1,0,12,1,null),
(22,1,0,13,1,null),
(23,1,0,14,1,null),
(24,1,0,15,1,null),
(25,1,0,16,1,null),
(26,1,0,17,1,null),
(27,1,0,18,1,null),
(28,1,0,19,1,null),
(29,1,0,20,1,null),
(30,1,0,21,1,null),
(31,2,0,0,0,null),
(32,2,0,1,0,null),
(33,2,0,2,0,null),
(34,2,0,3,0,null),
(35,2,0,4,0,null),
(36,2,0,5,0,null),
(37,2,0,6,0,null),
(38,3,0,0,0,null),
(39,3,0,1,0,null),
(40,3,0,2,0,null),
(41,3,0,3,0,null),
(42,3,0,4,0,null),
(43,4,0,0,1,null),
(44,4,0,1,1,null),
(45,4,0,2,1,null),
(46,4,0,3,1,null),
(47,4,0,4,1,null),
(48,4,0,5,1,null),
(49,4,0,6,1,null),
(50,4,0,7,1,null),
(51,4,0,8,1,null),
(52,5,0,0,0,null),
(53,5,0,1,0,null),
(54,5,0,2,0,null),
(55,5,0,3,0,null),
(56,5,0,4,0,null),
(58,5,0,5,0,null),
(59,5,0,6,0,null),
(60,5,0,7,0,null),
(61,5,0,8,0,null),
(62,5,0,9,0,null),
(64,6,0,0,1,null),
(65,6,0,1,1,null),
(66,6,0,2,1,null),
(67,6,0,3,1,null),
(68,6,0,4,1,null),
(69,7,0,0,1,null),
(70,7,0,1,1,null),
(71,7,0,2,1,null),
(72,7,0,3,1,null),
(73,7,0,4,1,null),
(74,7,0,5,1,null),
(75,8,0,0,1,null),
(76,8,0,1,1,null),
(77,8,0,2,1,null),
(78,8,0,3,1,null),
(79,8,0,4,1,null),
(80,8,0,5,1,null),
(81,8,0,6,1,null),
(82,8,0,7,1,null),
(83,8,0,8,1,null),
(84,8,0,9,1,null),
(85,8,0,10,1,null),
(86,8,0,11,1,null),
(87,8,0,12,1,null),
(88,8,0,13,1,null),
(89,8,0,14,1,null),
(90,8,0,15,1,null),
(91,8,0,16,1,null),
(92,8,0,17,1,null),
(93,8,0,18,1,null),
(94,8,0,19,1,null),
(95,8,0,20,1,null);

/* Table structure for table `oc_t_category_description` */
CREATE TABLE `oc_t_category_description` (
  `fk_i_category_id` int(10) unsigned NOT NULL,
  `fk_c_locale_code` char(5) NOT NULL,
  `s_name` varchar(100) DEFAULT NULL,
  `s_description` text,
  `s_slug` varchar(100) NOT NULL,
  PRIMARY KEY (`fk_i_category_id`,`fk_c_locale_code`),
  KEY `fk_c_locale_code` (`fk_c_locale_code`),
  CONSTRAINT `oc_t_category_description_ibfk_1` FOREIGN KEY (`fk_i_category_id`) REFERENCES `oc_t_category` (`pk_i_id`),
  CONSTRAINT `oc_t_category_description_ibfk_2` FOREIGN KEY (`fk_c_locale_code`) REFERENCES `oc_t_locale` (`pk_c_code`)
) ENGINE=InnoDB DEFAULT CHARSET=utf8;

/* dumping data for table `oc_t_category_description` */
insert into `oc_t_category_description` values
(1,'en_US','For sale',null,'for-sale'),
(2,'en_US','Vehicles',null,'vehicles'),
(3,'en_US','Classes',null,'classes'),
(4,'en_US','Real estate',null,'real-estate'),
(5,'en_US','Services',null,'services'),
(6,'en_US','Community',null,'community'),
(7,'en_US','Personals',null,'personals'),
(8,'en_US','Jobs',null,'jobs'),
(9,'en_US','Animals',null,'animals'),
(10,'en_US','Art - Collectibles',null,'art-collectibles'),
(11,'en_US','Barter',null,'barter'),
(12,'en_US','Books - Magazines',null,'books-magazines'),
(13,'en_US','Cameras - Camera Accessories',null,'cameras-camera-accessories'),
(14,'en_US','CDs - Records',null,'cds-records'),
(15,'en_US','Cell Phones - Accessories',null,'cell-phones-accessories'),
(16,'en_US','Clothing',null,'clothing'),
(17,'en_US','Computers - Hardware',null,'computers-hardware'),
(18,'en_US','DVD',null,'dvd'),
(19,'en_US','Electronics',null,'electronics'),
(20,'en_US','For Babies - Infants',null,'for-babies-infants'),
(21,'en_US','Garage Sale',null,'garage-sale'),
(22,'en_US','Health - Beauty',null,'health-beauty'),
(23,'en_US','Home - Furniture - Garden Supplies',null,'home-furniture-garden-supplies'),
(24,'en_US','Jewelry - Watches',null,'jewelry-watches'),
(25,'en_US','Musical Instruments',null,'musical-instruments'),
(26,'en_US','Sporting Goods - Bicycles',null,'sporting-goods-bicycles'),
(27,'en_US','Tickets',null,'tickets'),
(28,'en_US','Toys - Games - Hobbies',null,'toys-games-hobbies'),
(29,'en_US','Video Games - Consoles',null,'video-games-consoles'),
(30,'en_US','Everything Else',null,'everything-else'),
(31,'en_US','Cars',null,'cars'),
(32,'en_US','Car Parts',null,'car-parts'),
(33,'en_US','Motorcycles',null,'motorcycles'),
(34,'en_US','Boats - Ships',null,'boats-ships'),
(35,'en_US','RVs - Campers - Caravans',null,'rvs-campers-caravans'),
(36,'en_US','Trucks - Commercial Vehicles',null,'trucks-commercial-vehicles'),
(37,'en_US','Other Vehicles',null,'other-vehicles'),
(38,'en_US','Computer - Multimedia Classes',null,'computer-multimedia-classes'),
(39,'en_US','Language Classes',null,'language-classes'),
(40,'en_US','Music - Theatre - Dance Classes',null,'music-theatre-dance-classes'),
(41,'en_US','Tutoring - Private Lessons',null,'tutoring-private-lessons'),
(42,'en_US','Other Classes',null,'other-classes'),
(43,'en_US','Houses - Apartments for Sale',null,'houses-apartments-for-sale'),
(44,'en_US','Houses - Apartments for Rent',null,'houses-apartments-for-rent'),
(45,'en_US','Rooms for Rent - Shared',null,'rooms-for-rent-shared'),
(46,'en_US','Housing Swap',null,'housing-swap'),
(47,'en_US','Vacation Rentals',null,'vacation-rentals'),
(48,'en_US','Parking Spots',null,'parking-spots'),
(49,'en_US','Land',null,'land'),
(50,'en_US','Office - Commercial Space',null,'office-commercial-space'),
(51,'en_US','Shops for Rent - Sale',null,'shops-for-rent-sale'),
(52,'en_US','Babysitter - Nanny',null,'babysitter-nanny'),
(53,'en_US','Casting - Auditions',null,'casting-auditions'),
(54,'en_US','Computer',null,'computer'),
(55,'en_US','Event Services',null,'event-services'),
(56,'en_US','Health - Beauty - Fitness',null,'health-beauty-fitness'),
(58,'en_US','Household - Domestic Help',null,'household-domestic-help'),
(59,'en_US','Moving - Storage',null,'moving-storage'),
(60,'en_US','Repair',null,'repair'),
(61,'en_US','Writing - Editing - Translating',null,'writing-editing-translating'),
(62,'en_US','Other Services',null,'other-services'),
(64,'en_US','Community Activities',null,'community-activities'),
(65,'en_US','Events',null,'events'),
(66,'en_US','Musicians - Artists - Bands',null,'musicians-artists-bands'),
(67,'en_US','Volunteers',null,'volunteers'),
(68,'en_US','Lost And Found',null,'lost-and-found'),
(69,'en_US','Women looking for Men',null,'women-looking-for-men'),
(70,'en_US','Men looking for Women',null,'men-looking-for-women'),
(71,'en_US','Men looking for Men',null,'men-looking-for-men'),
(72,'en_US','Women looking for Women',null,'women-looking-for-women'),
(73,'en_US','Friendship - Activity Partners',null,'friendship-activity-partners'),
(74,'en_US','Missed Connections',null,'missed-connections'),
(75,'en_US','Accounting - Finance',null,'accounting-finance'),
(76,'en_US','Advertising - Public Relations',null,'advertising-public-relations'),
(77,'en_US','Arts - Entertainment - Publishing',null,'arts-entertainment-publishing'),
(78,'en_US','Clerical - Administrative',null,'clerical-administrative'),
(79,'en_US','Customer Service',null,'customer-service'),
(80,'en_US','Education - Training',null,'education-training'),
(81,'en_US','Engineering - Architecture',null,'engineering-architecture'),
(82,'en_US','Healthcare',null,'healthcare'),
(83,'en_US','Human Resource',null,'human-resource'),
(84,'en_US','Internet',null,'internet'),
(85,'en_US','Legal',null,'legal'),
(86,'en_US','Manual Labor',null,'manual-labor'),
(87,'en_US','Manufacturing - Operations',null,'manufacturing-operations'),
(88,'en_US','Marketing',null,'marketing'),
(89,'en_US','Non-profit - Volunteer',null,'non-profit-volunteer'),
(90,'en_US','Real Estate',null,'real-estate_1'),
(91,'en_US','Restaurant - Food Service',null,'restaurant-food-service'),
(92,'en_US','Retail',null,'retail'),
(93,'en_US','Sales',null,'sales'),
(94,'en_US','Technology',null,'technology'),
(95,'en_US','Other Jobs',null,'other-jobs');

/* Table structure for table `oc_t_category_stats` */
CREATE TABLE `oc_t_category_stats` (
  `fk_i_category_id` int(10) unsigned NOT NULL,
  `i_num_items` int(10) unsigned NOT NULL DEFAULT '0',
  PRIMARY KEY (`fk_i_category_id`),
  CONSTRAINT `oc_t_category_stats_ibfk_1` FOREIGN KEY (`fk_i_category_id`) REFERENCES `oc_t_category` (`pk_i_id`)
) ENGINE=InnoDB DEFAULT CHARSET=utf8;

/* dumping data for table `oc_t_category_stats` */
insert into `oc_t_category_stats` values
(1,0),
(2,0),
(3,0),
(4,0),
(5,0),
(6,0),
(7,0),
(8,0),
(9,0),
(10,0),
(11,0),
(12,0),
(13,0),
(14,0),
(15,0),
(16,0),
(17,0),
(18,0),
(19,0),
(20,0),
(21,0),
(22,0),
(23,0),
(24,0),
(25,0),
(26,0),
(27,0),
(28,0),
(29,0),
(30,0),
(31,0),
(32,0),
(33,0),
(34,0),
(35,0),
(36,0),
(37,0),
(38,0),
(39,0),
(40,0),
(41,0),
(42,0),
(43,0),
(44,0),
(45,0),
(46,0),
(47,0),
(48,0),
(49,0),
(50,0),
(51,0),
(52,0),
(53,0),
(54,0),
(55,0),
(56,0),
(58,0),
(59,0),
(60,0),
(61,0),
(62,0),
(64,0),
(65,0),
(66,0),
(67,0),
(68,0),
(69,0),
(70,0),
(71,0),
(72,0),
(73,0),
(74,0),
(75,0),
(76,0),
(77,0),
(78,0),
(79,0),
(80,0),
(81,0),
(82,0),
(83,0),
(84,0),
(85,0),
(86,0),
(87,0),
(88,0),
(89,0),
(90,0),
(91,0),
(92,0),
(93,0),
(94,0),
(95,0);

/* Table structure for table `oc_t_item` */
CREATE TABLE `oc_t_item` (
  `pk_i_id` int(10) unsigned NOT NULL AUTO_INCREMENT,
  `fk_i_user_id` int(10) unsigned DEFAULT NULL,
  `fk_i_category_id` int(10) unsigned NOT NULL,
  `dt_pub_date` datetime NOT NULL,
  `dt_mod_date` datetime DEFAULT NULL,
  `f_price` float DEFAULT NULL,
  `i_price` bigint(20) DEFAULT NULL,
  `fk_c_currency_code` char(3) DEFAULT NULL,
  `s_contact_name` varchar(100) DEFAULT NULL,
  `s_contact_email` varchar(140) DEFAULT NULL,
  `b_premium` tinyint(1) NOT NULL DEFAULT '0',
  `b_enabled` tinyint(1) NOT NULL DEFAULT '1',
  `b_active` tinyint(1) NOT NULL DEFAULT '0',
  `b_spam` tinyint(1) NOT NULL DEFAULT '0',
  `s_secret` varchar(40) DEFAULT NULL,
  `b_show_email` tinyint(1) DEFAULT NULL,
  `dt_expiration` datetime NOT NULL DEFAULT '9999-12-31 23:59:59',
  PRIMARY KEY (`pk_i_id`),
  KEY `fk_i_user_id` (`fk_i_user_id`),
  KEY `idx_s_contact_email` (`s_contact_email`(10)),
  KEY `fk_i_category_id` (`fk_i_category_id`),
  KEY `fk_c_currency_code` (`fk_c_currency_code`),
  KEY `idx_pub_date` (`dt_pub_date`),
  KEY `idx_price` (`i_price`),
  CONSTRAINT `oc_t_item_ibfk_1` FOREIGN KEY (`fk_i_user_id`) REFERENCES `oc_t_user` (`pk_i_id`),
  CONSTRAINT `oc_t_item_ibfk_2` FOREIGN KEY (`fk_i_category_id`) REFERENCES `oc_t_category` (`pk_i_id`),
  CONSTRAINT `oc_t_item_ibfk_3` FOREIGN KEY (`fk_c_currency_code`) REFERENCES `oc_t_currency` (`pk_c_code`)
) ENGINE=InnoDB DEFAULT CHARSET=utf8;


/* Table structure for table `oc_t_item_description` */
CREATE TABLE `oc_t_item_description` (
  `fk_i_item_id` int(10) unsigned NOT NULL,
  `fk_c_locale_code` char(5) NOT NULL,
  `s_title` varchar(100) NOT NULL,
  `s_description` mediumtext NOT NULL,
  PRIMARY KEY (`fk_i_item_id`,`fk_c_locale_code`),
  FULLTEXT KEY `s_description` (`s_description`,`s_title`)
) ENGINE=MyISAM DEFAULT CHARSET=utf8;


/* Table structure for table `oc_t_item_location` */
CREATE TABLE `oc_t_item_location` (
  `fk_i_item_id` int(10) unsigned NOT NULL,
  `fk_c_country_code` char(2) DEFAULT NULL,
  `s_country` varchar(40) DEFAULT NULL,
  `s_address` varchar(100) DEFAULT NULL,
  `s_zip` varchar(15) DEFAULT NULL,
  `fk_i_region_id` int(10) unsigned DEFAULT NULL,
  `s_region` varchar(100) DEFAULT NULL,
  `fk_i_city_id` int(10) unsigned DEFAULT NULL,
  `s_city` varchar(100) DEFAULT NULL,
  `fk_i_city_area_id` int(10) unsigned DEFAULT NULL,
  `s_city_area` varchar(200) DEFAULT NULL,
  `d_coord_lat` decimal(10,6) DEFAULT NULL,
  `d_coord_long` decimal(10,6) DEFAULT NULL,
  PRIMARY KEY (`fk_i_item_id`),
  KEY `fk_c_country_code` (`fk_c_country_code`),
  KEY `fk_i_region_id` (`fk_i_region_id`),
  KEY `fk_i_city_id` (`fk_i_city_id`),
  KEY `fk_i_city_area_id` (`fk_i_city_area_id`),
  CONSTRAINT `oc_t_item_location_ibfk_1` FOREIGN KEY (`fk_i_item_id`) REFERENCES `oc_t_item` (`pk_i_id`),
  CONSTRAINT `oc_t_item_location_ibfk_2` FOREIGN KEY (`fk_c_country_code`) REFERENCES `oc_t_country` (`pk_c_code`),
  CONSTRAINT `oc_t_item_location_ibfk_3` FOREIGN KEY (`fk_i_region_id`) REFERENCES `oc_t_region` (`pk_i_id`),
  CONSTRAINT `oc_t_item_location_ibfk_4` FOREIGN KEY (`fk_i_city_id`) REFERENCES `oc_t_city` (`pk_i_id`),
  CONSTRAINT `oc_t_item_location_ibfk_5` FOREIGN KEY (`fk_i_city_area_id`) REFERENCES `oc_t_city_area` (`pk_i_id`)
) ENGINE=InnoDB DEFAULT CHARSET=utf8;


/* Table structure for table `oc_t_item_stats` */
CREATE TABLE `oc_t_item_stats` (
  `fk_i_item_id` int(10) unsigned NOT NULL,
  `i_num_views` int(10) unsigned NOT NULL DEFAULT '0',
  `i_num_spam` int(10) unsigned NOT NULL DEFAULT '0',
  `i_num_repeated` int(10) unsigned NOT NULL DEFAULT '0',
  `i_num_bad_classified` int(10) unsigned NOT NULL DEFAULT '0',
  `i_num_offensive` int(10) unsigned NOT NULL DEFAULT '0',
  `i_num_expired` int(10) unsigned NOT NULL DEFAULT '0',
  `i_num_premium_views` int(10) unsigned NOT NULL DEFAULT '0',
  `dt_date` date NOT NULL,
  PRIMARY KEY (`fk_i_item_id`,`dt_date`),
  KEY `dt_date` (`dt_date`,`fk_i_item_id`),
  CONSTRAINT `oc_t_item_stats_ibfk_1` FOREIGN KEY (`fk_i_item_id`) REFERENCES `oc_t_item` (`pk_i_id`)
) ENGINE=InnoDB DEFAULT CHARSET=utf8;


/* Table structure for table `oc_t_item_resource` */
CREATE TABLE `oc_t_item_resource` (
  `pk_i_id` int(10) unsigned NOT NULL AUTO_INCREMENT,
  `fk_i_item_id` int(10) unsigned NOT NULL,
  `s_name` varchar(60) DEFAULT NULL,
  `s_extension` varchar(10) DEFAULT NULL,
  `s_content_type` varchar(40) DEFAULT NULL,
  `s_path` varchar(250) DEFAULT NULL,
  PRIMARY KEY (`pk_i_id`),
  KEY `fk_i_item_id` (`fk_i_item_id`),
  KEY `idx_s_content_type` (`pk_i_id`,`s_content_type`(10)),
  CONSTRAINT `oc_t_item_resource_ibfk_1` FOREIGN KEY (`fk_i_item_id`) REFERENCES `oc_t_item` (`pk_i_id`)
) ENGINE=InnoDB DEFAULT CHARSET=utf8;


/* Table structure for table `oc_t_item_comment` */
CREATE TABLE `oc_t_item_comment` (
  `pk_i_id` int(10) unsigned NOT NULL AUTO_INCREMENT,
  `fk_i_item_id` int(10) unsigned NOT NULL,
  `dt_pub_date` datetime NOT NULL,
  `s_title` varchar(200) NOT NULL,
  `s_author_name` varchar(100) NOT NULL,
  `s_author_email` varchar(100) NOT NULL,
  `s_body` text NOT NULL,
  `b_enabled` tinyint(1) NOT NULL DEFAULT '1',
  `b_active` tinyint(1) NOT NULL DEFAULT '0',
  `b_spam` tinyint(1) NOT NULL DEFAULT '0',
  `fk_i_user_id` int(10) unsigned DEFAULT NULL,
  PRIMARY KEY (`pk_i_id`),
  KEY `fk_i_item_id` (`fk_i_item_id`),
  KEY `fk_i_user_id` (`fk_i_user_id`),
  CONSTRAINT `oc_t_item_comment_ibfk_1` FOREIGN KEY (`fk_i_item_id`) REFERENCES `oc_t_item` (`pk_i_id`),
  CONSTRAINT `oc_t_item_comment_ibfk_2` FOREIGN KEY (`fk_i_user_id`) REFERENCES `oc_t_user` (`pk_i_id`)
) ENGINE=InnoDB DEFAULT CHARSET=utf8;


/* Table structure for table `oc_t_preference` */
CREATE TABLE `oc_t_preference` (
  `s_section` varchar(40) NOT NULL,
  `s_name` varchar(40) NOT NULL,
  `s_value` longtext NOT NULL,
  `e_type` enum('STRING','INTEGER','BOOLEAN') NOT NULL,
  UNIQUE KEY `s_section` (`s_section`,`s_name`)
) ENGINE=InnoDB DEFAULT CHARSET=utf8;

/* dumping data for table `oc_t_preference` */
insert into `oc_t_preference` values
('modern_admin_theme','compact_mode','0','STRING'),
('modern_theme','default_logo','1','STRING'),
('modern_theme','donation','0','STRING'),
('modern_theme','footer_link','1','STRING'),
('modern_theme','keyword_placeholder','ie. PHP Programmer','STRING'),
('modern_theme','version','3.0','STRING'),
('osclass','active_plugins','a:2:{i:0;s:26:\"google_analytics/index.php\";i:1;s:21:\"google_maps/index.php\";}','STRING'),
('osclass','admin_language','en_US','STRING'),
('osclass','admin_theme','modern','STRING'),
('osclass','akismetKey','','STRING'),
('osclass','allowedExt','png,gif,jpg','STRING'),
('osclass','allow_report_osclass','1','BOOLEAN'),
('osclass','auto_cron','1','BOOLEAN'),
('osclass','comments_per_page','10','INTEGER'),
('osclass','contactEmail','bart.sakwerda@gmail.com','STRING'),
('osclass','contact_attachment','0','BOOLEAN'),
('osclass','currency','USD','STRING'),
('osclass','dateFormat','F j, Y','STRING'),
('osclass','defaultOrderField@search','dt_pub_date','STRING'),
('osclass','defaultOrderType@search','1','BOOLEAN'),
('osclass','defaultResultsPerPage@search','10','INTEGER'),
('osclass','defaultShowAs@search','list','STRING'),
('osclass','dimNormal','640x480','STRING'),
('osclass','dimPreview','480x340','STRING'),
('osclass','dimThumbnail','240x200','STRING'),
('osclass','enabled_comments','1','BOOLEAN'),
('osclass','enabled_recaptcha_items','0','BOOLEAN'),
('osclass','enabled_users','1','BOOLEAN'),
('osclass','enabled_user_registration','1','BOOLEAN'),
('osclass','enabled_user_validation','1','BOOLEAN'),
('osclass','enableField#f_price@items','1','BOOLEAN'),
('osclass','enableField#images@items','1','BOOLEAN'),
('osclass','installed_plugins','a:2:{i:0;s:26:\"google_analytics/index.php\";i:1;s:21:\"google_maps/index.php\";}','STRING'),
('osclass','items_wait_time','0','INTEGER'),
('osclass','item_attachment','0','BOOLEAN'),
('osclass','keep_original_image','1','BOOLEAN'),
('osclass','language','en_US','STRING'),
('osclass','last_version_check','1351074525','STRING'),
('osclass','logged_user_item_validation','1','BOOLEAN'),
('osclass','mailserver_auth','','BOOLEAN'),
('osclass','mailserver_host','localhost','STRING'),
('osclass','mailserver_password','','STRING'),
('osclass','mailserver_pop','','BOOLEAN'),
('osclass','mailserver_port','','INTEGER'),
('osclass','mailserver_ssl','','STRING'),
('osclass','mailserver_type','custom','STRING'),
('osclass','mailserver_username','','STRING'),
('osclass','marketAllowExternalSources','0','BOOLEAN'),
('osclass','marketURL','http://market.osclass.org/api/','STRING'),
('osclass','maxLatestItems@home','10','INTEGER'),
('osclass','maxResultsPerPage@search','50','INTEGER'),
('osclass','maxSizeKb','2048','INTEGER'),
('osclass','moderate_comments','0','INTEGER'),
('osclass','moderate_items','-1','INTEGER'),
('osclass','mod_rewrite_loaded','0','BOOLEAN'),
('osclass','notify_contact_friends','1','BOOLEAN'),
('osclass','notify_contact_item','1','BOOLEAN'),
('osclass','notify_new_comment','1','BOOLEAN'),
('osclass','notify_new_comment_user','0','BOOLEAN'),
('osclass','notify_new_item','1','BOOLEAN'),
('osclass','notify_new_user','1','BOOLEAN'),
('osclass','numImages@items','4','INTEGER'),
('osclass','num_rss_items','50','INTEGER'),
('osclass','osclass_installed','1','BOOLEAN'),
('osclass','pageDesc','','STRING'),
('osclass','pageTitle','admin','STRING'),
('osclass','ping_search_engines','1','BOOLEAN'),
('osclass','plugins_downloaded','[\"http:\\/\\/www.osclass.org\\/files\\/plugins\\/google_analytics\\/update.php\",\"http:\\/\\/www.osclass.org\\/files\\/plugins\\/google_maps\\/update.php\"]','STRING'),
('osclass','plugins_last_version_check','1351074481','STRING'),
('osclass','plugins_to_update','[]','STRING'),
('osclass','plugins_update_count','0','STRING'),
('osclass','purge_latest_searches','1000','STRING'),
('osclass','recaptchaPrivKey','','STRING'),
('osclass','recaptchaPubKey','','STRING'),
('osclass','reg_user_can_contact','0','BOOLEAN'),
('osclass','reg_user_post','0','BOOLEAN'),
('osclass','reg_user_post_comments','0','BOOLEAN'),
('osclass','rewriteEnabled','0','BOOLEAN'),
('osclass','rewrite_cat_url','{CATEGORIES}/','STRING'),
('osclass','rewrite_contact','contact/','STRING'),
('osclass','rewrite_feed','feed','STRING'),
('osclass','rewrite_item_activate','item/activate','STRING'),
('osclass','rewrite_item_contact','item/contact','STRING'),
('osclass','rewrite_item_delete','item/delete','STRING'),
('osclass','rewrite_item_edit','item/edit','STRING'),
('osclass','rewrite_item_mark','item/mark','STRING'),
('osclass','rewrite_item_new','item/new','STRING'),
('osclass','rewrite_item_resource_delete','item/resource/delete','STRING'),
('osclass','rewrite_item_send_friend','item/send-friend','STRING'),
('osclass','rewrite_item_url','{CATEGORIES}/{ITEM_TITLE}_i{ITEM_ID}','STRING'),
('osclass','rewrite_language','language','STRING'),
('osclass','rewrite_page_url','{PAGE_SLUG}-p{PAGE_ID}','STRING'),
('osclass','rewrite_rules','','STRING'),
('osclass','rewrite_search_category','category','STRING'),
('osclass','rewrite_search_city','city','STRING'),
('osclass','rewrite_search_city_area','cityarea','STRING'),
('osclass','rewrite_search_country','country','STRING'),
('osclass','rewrite_search_pattern','pattern','STRING'),
('osclass','rewrite_search_region','region','STRING'),
('osclass','rewrite_search_url','search/','STRING'),
('osclass','rewrite_search_user','user','STRING'),
('osclass','rewrite_user_activate','user/activate','STRING'),
('osclass','rewrite_user_activate_alert','user/activate_alert','STRING'),
('osclass','rewrite_user_alerts','user/alerts','STRING'),
('osclass','rewrite_user_change_email','user/change_email','STRING'),
('osclass','rewrite_user_change_email_confirm','user/change_email_confirm','STRING'),
('osclass','rewrite_user_change_password','user/change_password','STRING'),
('osclass','rewrite_user_dashboard','user/dashboard','STRING'),
('osclass','rewrite_user_forgot','user/forgot','STRING'),
('osclass','rewrite_user_items','user/items','STRING'),
('osclass','rewrite_user_login','user/login','STRING'),
('osclass','rewrite_user_logout','user/logout','STRING'),
('osclass','rewrite_user_profile','user/profile','STRING'),
('osclass','rewrite_user_recover','user/recover','STRING'),
('osclass','rewrite_user_register','user/register','STRING'),
('osclass','save_latest_searches','0','BOOLEAN'),
('osclass','selectable_parent_categories','0','BOOLEAN'),
('osclass','theme','twitter','STRING'),
('osclass','themes_downloaded','[\"\"]','STRING'),
('osclass','themes_last_version_check','1351074481','STRING'),
('osclass','themes_to_update','[]','STRING'),
('osclass','themes_update_count','0','STRING'),
('osclass','timeFormat','g:i a','STRING'),
('osclass','timezone','Europe/Madrid','STRING'),
('osclass','update_core_json','','STRING'),
('osclass','use_imagick','0','BOOLEAN'),
('osclass','version','302','INTEGER'),
('osclass','watermark_image','','STRING'),
('osclass','watermark_place','centre','STRING'),
('osclass','watermark_text','','STRING'),
('osclass','watermark_text_color','','STRING'),
('osclass','weekStart','0','STRING'),
('plugin-google_analytics','google_analytics_id','','STRING');

/* Table structure for table `oc_t_pages` */
CREATE TABLE `oc_t_pages` (
  `pk_i_id` int(10) unsigned NOT NULL AUTO_INCREMENT,
  `s_internal_name` varchar(50) DEFAULT NULL,
  `b_indelible` tinyint(1) NOT NULL DEFAULT '0',
  `dt_pub_date` datetime NOT NULL,
  `dt_mod_date` datetime DEFAULT NULL,
  `i_order` int(3) NOT NULL DEFAULT '0',
  PRIMARY KEY (`pk_i_id`)
) ENGINE=InnoDB AUTO_INCREMENT=21 DEFAULT CHARSET=utf8;

/* dumping data for table `oc_t_pages` */
insert into `oc_t_pages` values
(1,'email_item_inquiry',1,'2012-10-24 11:11:40',null,0),
(2,'email_user_validation',1,'2012-10-24 11:11:40',null,0),
(3,'email_user_registration',1,'2012-10-24 11:11:40',null,0),
(4,'email_send_friend',1,'2012-10-24 11:11:40',null,0),
(5,'alert_email_hourly',1,'2012-10-24 11:11:40',null,0),
(6,'alert_email_daily',1,'2012-10-24 11:11:40',null,0),
(7,'alert_email_weekly',1,'2012-10-24 11:11:40',null,0),
(8,'alert_email_instant',1,'2012-10-24 11:11:40',null,0),
(9,'email_new_comment_admin',1,'2012-10-24 11:11:40',null,0),
(10,'email_new_item_non_register_user',1,'2012-10-24 11:11:40',null,0),
(11,'email_item_validation',1,'2012-10-24 11:11:40',null,0),
(12,'email_admin_new_item',1,'2012-10-24 11:11:40',null,0),
(13,'email_user_forgot_password',1,'2012-10-24 11:11:40',null,0),
(14,'email_new_email',1,'2012-10-24 11:11:40',null,0),
(15,'email_alert_validation',1,'2012-10-24 11:11:40',null,0),
(16,'email_comment_validated',1,'2012-10-24 11:11:40',null,0),
(17,'email_item_validation_non_register_user',1,'2012-10-24 11:11:40',null,0),
(18,'email_admin_new_user',1,'2012-10-24 11:11:40',null,0),
(19,'email_contact_user',1,'2012-10-24 11:11:40',null,0),
(20,'email_new_comment_user',1,'2012-10-24 11:11:40',null,0);

/* Table structure for table `oc_t_pages_description` */
CREATE TABLE `oc_t_pages_description` (
  `fk_i_pages_id` int(10) unsigned NOT NULL,
  `fk_c_locale_code` char(5) NOT NULL,
  `s_title` varchar(255) NOT NULL,
  `s_text` text,
  PRIMARY KEY (`fk_i_pages_id`,`fk_c_locale_code`),
  KEY `fk_c_locale_code` (`fk_c_locale_code`),
  CONSTRAINT `oc_t_pages_description_ibfk_1` FOREIGN KEY (`fk_i_pages_id`) REFERENCES `oc_t_pages` (`pk_i_id`),
  CONSTRAINT `oc_t_pages_description_ibfk_2` FOREIGN KEY (`fk_c_locale_code`) REFERENCES `oc_t_locale` (`pk_c_code`)
) ENGINE=InnoDB DEFAULT CHARSET=utf8;

/* dumping data for table `oc_t_pages_description` */
insert into `oc_t_pages_description` values
(1,'en_US','{WEB_TITLE} - Someone has a question about your listing','<p>Hi {CONTACT_NAME}!</p><p>{USER_NAME} ({USER_EMAIL}, {USER_PHONE}) left you a message about your listing <a href=\"{ITEM_URL}\">{ITEM_TITLE}</a>:</p><p>{COMMENT}</p><p>Regards,</p><p>{WEB_LINK}</p>'),
(2,'en_US','Please validate your {WEB_TITLE} account','<p>Hi {USER_NAME},</p><p>Please validate your registration by clicking on the following link: {VALIDATION_LINK}</p><p>Thank you!</p><p>Regards,</p><p>{WEB_LINK}</p>'),
(3,'en_US','{WEB_TITLE} - Registration successful!','<p>Hi {USER_NAME},</p><p>You\'ve successfully registered for {WEB_LINK}.</p><p>Thank you!</p><p>Regards,</p><p>{WEB_LINK}</p>'),
(4,'en_US','Look at what I discovered on {WEB_TITLE}','<p>Hi {FRIEND_NAME},</p><p>Your friend {USER_NAME} wants to share this listing with you <a href=\"{ITEM_URL}\">{ITEM_TITLE}</a>.</p><p>Message:</p><p>{COMMENT}</p><p>Regards,</p><p>{WEB_TITLE}</p>'),
(5,'en_US','{WEB_TITLE} - New listings in the last hour','<p>Hi {USER_NAME},</p><p>New listings have been published in the last hour. Take a look at them:</p><p>{ADS}</p><p>-------------</p><p>To unsubscribe from this alert, click on: {UNSUB_LINK}</p><p>{WEB_LINK}</p>'),
(6,'en_US','{WEB_TITLE} - New listings in the last day','<p>Hi {USER_NAME},</p><p>New listings have been published in the last day. Take a look at them:</p><p>{ADS}</p><p>-------------</p><p>To unsubscribe from this alert, click on: {UNSUB_LINK}</p><p>{WEB_LINK}</p>'),
(7,'en_US','{WEB_TITLE} - New listings in the last week','<p>Hi {USER_NAME},</p><p>New listings have been published in the last week. Take a look at them:</p><p>{ADS}</p><p>-------------</p><p>To unsubscribe from this alert, click on: {UNSUB_LINK}</p><p>{WEB_LINK}</p>'),
(8,'en_US','{WEB_TITLE} - New listings','<p>Hi {USER_NAME},</p><p>A new listing has been published, check it out!</p><p>{ADS}</p><p>-------------</p><p>To unsubscribe from this alert, click on: {UNSUB_LINK}</p><p>{WEB_LINK}</p>'),
(9,'en_US','{WEB_TITLE} - New comment','<p>Someone commented on the listing <a href=\"{ITEM_URL}\">{ITEM_TITLE}</a>.</p><p>Commenter: {COMMENT_AUTHOR}<br />Commenter\'s email: {COMMENT_EMAIL}<br />Title: {COMMENT_TITLE}<br />Comment: {COMMENT_TEXT}</p>'),
(10,'en_US','{WEB_TITLE} - Edit options for the listing {ITEM_TITLE}','<p>Hi {USER_NAME},</p><p>You\'re not registered at {WEB_LINK}, but you can still edit or delete the listing <a href=\"{ITEM_URL}\">{ITEM_TITLE}</a> for a short period of time.</p><p>You can edit your listing by following this link: {EDIT_LINK}</p><p>You can delete your listing by following this link: {DELETE_LINK}</p><p>If you register as a user, you will have full access to editing options.</p><p>Regards,</p><p>{WEB_LINK}</p>'),
(11,'en_US','{WEB_TITLE} - Validate your listing','<p>Hi {USER_NAME},</p><p>You\'re receiving this e-mail because a listing has been published at {WEB_LINK}. Please validate this listing by clicking on the following link: {VALIDATION_LINK}. If you didn\'t publish this listing, please ignore this email.</p><p>Listing details:</p><p>Contact name: {USER_NAME}<br />Contact e-mail: {USER_EMAIL}</p><p>{ITEM_DESCRIPTION}</p><p>Url: {ITEM_URL}</p><p>Regards,</p><p>{WEB_LINK}</p>'),
(12,'en_US','{WEB_TITLE} - A new listing has been published','<p>Dear {WEB_TITLE} admin,</p><p>You\'re receiving this email because a listing has been published at {WEB_LINK}.</p><p>Listing details:</p><p>Contact name: {USER_NAME}<br />Contact email: {USER_EMAIL}</p><p>{ITEM_DESCRIPTION}</p><p>Url: {ITEM_URL}</p><p>You can edit this listing by clicking on the following link: {EDIT_LINK}</p><p>Regards,</p><p>{WEB_LINK}</p>'),
(13,'en_US','{WEB_TITLE} - Recover your password','<p>Hi {USER_NAME},</p><p>We\'ve sent you this e-mail because you\'ve requested a password reminder. Follow this link to recover it: {PASSWORD_LINK}</p><p>The link will be deactivated in 24 hours.</p><p>If you didn\'t request a password reminder, please ignore this message. This request was made from IP {IP_ADDRESS} on {DATE_TIME}</p><p>Regards,</p><p>{WEB_LINK}</p>'),
(14,'en_US','{WEB_TITLE} - You requested an email change','<p>Hi {USER_NAME}</p><p>You\'re receiving this e-mail because you requested an e-mail change. Please confirm this new e-mail address by clicking on the following validation link: {VALIDATION_LINK}</p><p>Regards,</p><p>{WEB_LINK}</p>'),
(15,'en_US','{WEB_TITLE} - Please validate your alert','<p>Hi {USER_NAME},</p><p>Please validate your alert registration by clicking on the following link: {VALIDATION_LINK}</p><p>Thank you!</p><p>Regards,</p><p>{WEB_LINK}</p>'),
(16,'en_US','{WEB_TITLE} - Your comment has been approved','<p>Hi {COMMENT_AUTHOR},</p><p>Your comment on <a href=\"{ITEM_URL}\">{ITEM_TITLE}</a> has been approved.</p><p>Regards,</p><p>{WEB_LINK}</p>'),
(17,'en_US','{WEB_TITLE} - Validate your listing','<p>Hi {USER_NAME},</p><p>You\'re receiving this e-mail because you’ve published a listing at {WEB_LINK}. Please validate this listing by clicking on the following link: {VALIDATION_LINK}. If you didn\'t publish this listing, please ignore this e-mail.</p><p>Listing details:</p><p>Contact name: {USER_NAME}<br />Contact e-mail: {USER_EMAIL}</p><p>{ITEM_DESCRIPTION}</p><p>Url: {ITEM_URL}</p><p>Even if you\'re not registered at {WEB_LINK}, you can still edit or delete your listing:</p><p>You can edit your listing by following this link: {EDIT_LINK}</p><p>You can delete your listing by following this link: {DELETE_LINK}</p><p>Regards,</p><p>{WEB_LINK}</p>'),
(18,'en_US','{WEB_TITLE} - A new user has registered','<p>Dear {WEB_TITLE} admin,</p><p>You\'re receiving this email because a new user has been created at {WEB_LINK}.</p><p>User details:</p><p>Name: {USER_NAME}<br />E-mail: {USER_EMAIL}</p><p>Regards,</p><p>{WEB_LINK}</p>'),
(19,'en_US','{WEB_TITLE} - Someone has a question for you','<p>Hi {CONTACT_NAME}!</p><p>{USER_NAME} ({USER_EMAIL}, {USER_PHONE}) left you a message:</p><p>{COMMENT}</p><p>Regards,</p><p>{WEB_LINK}</p>'),
(20,'en_US','{WEB_TITLE} - Someone has commented on your listing','<p>There\'s a new comment on the listing: <a href=\"{ITEM_URL}\">{ITEM_TITLE}</a>.</p><p>Author: {COMMENT_AUTHOR}<br />Author\'s email: {COMMENT_EMAIL}<br />Title: {COMMENT_TITLE}<br />Comment: {COMMENT_TEXT}</p><p>{WEB_LINK}</p>');

/* Table structure for table `oc_t_plugin_category` */
CREATE TABLE `oc_t_plugin_category` (
  `s_plugin_name` varchar(40) NOT NULL,
  `fk_i_category_id` int(10) unsigned NOT NULL,
  KEY `fk_i_category_id` (`fk_i_category_id`),
  CONSTRAINT `oc_t_plugin_category_ibfk_1` FOREIGN KEY (`fk_i_category_id`) REFERENCES `oc_t_category` (`pk_i_id`)
) ENGINE=InnoDB DEFAULT CHARSET=utf8;


/* Table structure for table `oc_t_cron` */
CREATE TABLE `oc_t_cron` (
  `e_type` enum('INSTANT','HOURLY','DAILY','WEEKLY','CUSTOM') NOT NULL,
  `d_last_exec` datetime NOT NULL,
  `d_next_exec` datetime NOT NULL
) ENGINE=InnoDB DEFAULT CHARSET=utf8;

/* dumping data for table `oc_t_cron` */
insert into `oc_t_cron` values
('HOURLY','2012-10-24 17:39:27','2012-10-24 18:39:27'),
('DAILY','2012-10-24 12:33:10','2012-10-25 12:33:10'),
('WEEKLY','2012-10-24 12:33:10','2012-10-31 11:33:10');

/* Table structure for table `oc_t_alerts` */
CREATE TABLE `oc_t_alerts` (
  `s_email` varchar(100) DEFAULT NULL,
  `fk_i_user_id` int(10) unsigned DEFAULT NULL,
  `s_search` longtext,
  `s_secret` varchar(40) DEFAULT NULL,
  `b_active` tinyint(1) NOT NULL DEFAULT '0',
  `e_type` enum('INSTANT','HOURLY','DAILY','WEEKLY','CUSTOM') NOT NULL
) ENGINE=InnoDB DEFAULT CHARSET=utf8;


/* Table structure for table `oc_t_keywords` */
CREATE TABLE `oc_t_keywords` (
  `s_md5` varchar(32) NOT NULL,
  `fk_c_locale_code` char(5) NOT NULL,
  `s_original_text` varchar(255) NOT NULL,
  `s_anchor_text` varchar(255) NOT NULL,
  `s_normalized_text` varchar(255) NOT NULL,
  `fk_i_category_id` int(10) unsigned DEFAULT NULL,
  `fk_i_city_id` int(10) unsigned DEFAULT NULL,
  PRIMARY KEY (`s_md5`,`fk_c_locale_code`),
  KEY `fk_i_category_id` (`fk_i_category_id`),
  KEY `fk_i_city_id` (`fk_i_city_id`),
  KEY `fk_c_locale_code` (`fk_c_locale_code`),
  CONSTRAINT `oc_t_keywords_ibfk_1` FOREIGN KEY (`fk_i_category_id`) REFERENCES `oc_t_category` (`pk_i_id`),
  CONSTRAINT `oc_t_keywords_ibfk_2` FOREIGN KEY (`fk_i_city_id`) REFERENCES `oc_t_city` (`pk_i_id`),
  CONSTRAINT `oc_t_keywords_ibfk_3` FOREIGN KEY (`fk_c_locale_code`) REFERENCES `oc_t_locale` (`pk_c_code`)
) ENGINE=InnoDB DEFAULT CHARSET=utf8;


/* Table structure for table `oc_t_meta_fields` */
CREATE TABLE `oc_t_meta_fields` (
  `pk_i_id` int(10) unsigned NOT NULL AUTO_INCREMENT,
  `s_name` varchar(255) NOT NULL,
  `s_slug` varchar(255) NOT NULL,
  `e_type` enum('TEXT','TEXTAREA','DROPDOWN','RADIO','CHECKBOX','URL') NOT NULL DEFAULT 'TEXT',
  `s_options` varchar(255) DEFAULT NULL,
  `b_required` tinyint(1) NOT NULL DEFAULT '0',
  PRIMARY KEY (`pk_i_id`)
) ENGINE=InnoDB DEFAULT CHARSET=utf8;


/* Table structure for table `oc_t_meta_categories` */
CREATE TABLE `oc_t_meta_categories` (
  `fk_i_category_id` int(10) unsigned NOT NULL,
  `fk_i_field_id` int(10) unsigned NOT NULL,
  PRIMARY KEY (`fk_i_category_id`,`fk_i_field_id`),
  KEY `fk_i_field_id` (`fk_i_field_id`),
  CONSTRAINT `oc_t_meta_categories_ibfk_1` FOREIGN KEY (`fk_i_category_id`) REFERENCES `oc_t_category` (`pk_i_id`),
  CONSTRAINT `oc_t_meta_categories_ibfk_2` FOREIGN KEY (`fk_i_field_id`) REFERENCES `oc_t_meta_fields` (`pk_i_id`)
) ENGINE=InnoDB DEFAULT CHARSET=utf8;


/* Table structure for table `oc_t_item_meta` */
CREATE TABLE `oc_t_item_meta` (
  `fk_i_item_id` int(10) unsigned NOT NULL,
  `fk_i_field_id` int(10) unsigned NOT NULL,
  `s_value` text,
  PRIMARY KEY (`fk_i_item_id`,`fk_i_field_id`),
  KEY `fk_i_field_id` (`fk_i_field_id`),
  CONSTRAINT `oc_t_item_meta_ibfk_1` FOREIGN KEY (`fk_i_item_id`) REFERENCES `oc_t_item` (`pk_i_id`),
  CONSTRAINT `oc_t_item_meta_ibfk_2` FOREIGN KEY (`fk_i_field_id`) REFERENCES `oc_t_meta_fields` (`pk_i_id`)
) ENGINE=InnoDB DEFAULT CHARSET=utf8;


/* Table structure for table `oc_t_city_stats` */
CREATE TABLE `oc_t_city_stats` (
  `fk_i_city_id` int(10) unsigned NOT NULL,
  `i_num_items` int(10) unsigned NOT NULL DEFAULT '0',
  PRIMARY KEY (`fk_i_city_id`),
  KEY `idx_num_items` (`i_num_items`),
  CONSTRAINT `oc_t_city_stats_ibfk_1` FOREIGN KEY (`fk_i_city_id`) REFERENCES `oc_t_city` (`pk_i_id`)
) ENGINE=InnoDB DEFAULT CHARSET=utf8;

/* dumping data for table `oc_t_city_stats` */
insert into `oc_t_city_stats` values
(36320,0),
(36321,0),
(36322,0),
(36323,0),
(36324,0),
(36325,0),
(36326,0),
(36327,0),
(36328,0),
(36329,0),
(36330,0),
(36331,0),
(36332,0),
(36333,0),
(36334,0),
(36335,0),
(36336,0),
(36337,0),
(36338,0),
(36339,0),
(36340,0),
(36341,0),
(36342,0),
(36343,0),
(36344,0),
(36345,0),
(36346,0),
(36347,0),
(36348,0),
(36349,0),
(36350,0),
(36351,0),
(36352,0),
(36353,0),
(36354,0),
(36355,0),
(36356,0),
(36357,0),
(36358,0),
(36359,0),
(36360,0),
(36361,0),
(36362,0),
(36363,0),
(36364,0),
(36365,0),
(36366,0),
(36367,0),
(36368,0),
(36369,0),
(36370,0),
(36371,0),
(36372,0),
(36373,0),
(36374,0),
(36375,0),
(36376,0),
(36377,0),
(36378,0),
(36379,0),
(36380,0),
(36381,0),
(36382,0),
(36383,0),
(36384,0),
(36385,0),
(36386,0),
(36387,0),
(36388,0),
(36389,0),
(36390,0),
(36391,0),
(36392,0),
(36393,0),
(36394,0),
(36395,0),
(36396,0),
(36397,0),
(36398,0),
(36399,0),
(36400,0),
(36401,0),
(36402,0),
(36403,0),
(36404,0),
(36405,0),
(36406,0),
(36407,0),
(36408,0),
(36409,0),
(36410,0),
(36411,0),
(36412,0),
(36413,0),
(36414,0),
(36415,0),
(36416,0),
(36417,0),
(36418,0),
(36419,0),
(36420,0),
(36421,0),
(36422,0),
(36423,0),
(36424,0),
(36425,0),
(36426,0),
(36427,0),
(36428,0),
(36429,0),
(36430,0),
(36431,0),
(36432,0),
(36433,0),
(36434,0),
(36435,0),
(36436,0),
(36437,0),
(36438,0),
(36439,0),
(36440,0),
(36441,0),
(36442,0),
(36443,0),
(36444,0),
(36445,0),
(36446,0),
(36447,0),
(36448,0),
(36449,0),
(36450,0),
(36451,0),
(36452,0),
(36453,0),
(36454,0),
(36455,0),
(36456,0),
(36457,0),
(36458,0),
(36459,0),
(36460,0),
(36461,0),
(36462,0),
(36463,0),
(36464,0),
(36465,0),
(36466,0),
(36467,0),
(36468,0),
(36469,0),
(36470,0),
(36471,0),
(36472,0),
(36473,0),
(36474,0),
(36475,0),
(36476,0),
(36477,0),
(36478,0),
(36479,0),
(36480,0),
(36481,0),
(36482,0),
(36483,0),
(36484,0),
(36485,0),
(36486,0),
(36487,0),
(36488,0),
(36489,0),
(36490,0),
(36491,0),
(36492,0),
(36493,0),
(36494,0),
(36495,0),
(36496,0),
(36497,0),
(36498,0),
(36499,0),
(36500,0),
(36501,0),
(36502,0),
(36503,0),
(36504,0),
(36505,0),
(36506,0),
(36507,0),
(36508,0),
(36509,0),
(36510,0),
(36511,0),
(36512,0),
(36513,0),
(36514,0),
(36515,0),
(36516,0),
(36517,0),
(36518,0),
(36519,0),
(36520,0),
(36521,0),
(36522,0),
(36523,0),
(36524,0),
(36525,0),
(36526,0),
(36527,0),
(36528,0),
(36529,0),
(36530,0),
(36531,0),
(36532,0),
(36533,0),
(36534,0),
(36535,0),
(36536,0),
(36537,0),
(36538,0),
(36539,0),
(36540,0),
(36541,0),
(36542,0),
(36543,0),
(36544,0),
(36545,0),
(36546,0),
(36547,0),
(36548,0),
(36549,0),
(36550,0),
(36551,0),
(36552,0),
(36553,0),
(36554,0),
(36555,0),
(36556,0),
(36557,0),
(36558,0),
(36559,0),
(36560,0),
(36561,0),
(36562,0),
(36563,0),
(36564,0),
(36565,0),
(36566,0),
(36567,0),
(36568,0),
(36569,0),
(36570,0),
(36571,0),
(36572,0),
(36573,0),
(36574,0),
(36575,0),
(36576,0),
(36577,0),
(36578,0),
(36579,0),
(36580,0),
(36581,0),
(36582,0),
(36583,0),
(36584,0),
(36585,0),
(36586,0),
(36587,0),
(36588,0),
(36589,0),
(36590,0),
(36591,0),
(36592,0),
(36593,0),
(36594,0),
(36595,0),
(36596,0),
(36597,0),
(36598,0),
(36599,0),
(36600,0),
(36601,0),
(36602,0),
(36603,0),
(36604,0),
(36605,0),
(36606,0),
(36607,0),
(36608,0),
(36609,0),
(36610,0),
(36611,0),
(36612,0),
(36613,0),
(36614,0),
(36615,0),
(36616,0),
(36617,0),
(36618,0),
(36619,0),
(36620,0),
(36621,0),
(36622,0),
(36623,0),
(36624,0),
(36625,0),
(36626,0),
(36627,0),
(36628,0),
(36629,0),
(36630,0),
(36631,0),
(36632,0),
(36633,0),
(36634,0),
(36635,0),
(36636,0),
(36637,0),
(36638,0),
(36639,0),
(36640,0),
(36641,0),
(36642,0),
(36643,0),
(36644,0),
(36645,0),
(36646,0),
(36647,0),
(36648,0),
(36649,0),
(36650,0),
(36651,0),
(36652,0),
(36653,0),
(36654,0),
(36655,0),
(36656,0),
(36657,0),
(36658,0),
(36659,0),
(36660,0),
(36661,0),
(36662,0),
(36663,0),
(36664,0),
(36665,0),
(36666,0),
(36667,0),
(36668,0),
(36669,0),
(36670,0),
(36671,0),
(36672,0),
(36673,0),
(36674,0),
(36675,0),
(36676,0),
(36677,0),
(36678,0),
(36679,0),
(36680,0),
(36681,0),
(36682,0),
(36683,0),
(36684,0),
(36685,0),
(36686,0),
(36687,0),
(36688,0),
(36689,0),
(36690,0),
(36691,0),
(36692,0),
(36693,0),
(36694,0),
(36695,0),
(36696,0),
(36697,0),
(36698,0),
(36699,0),
(36700,0),
(36701,0),
(36702,0),
(36703,0),
(36704,0),
(36705,0),
(36706,0),
(36707,0),
(36708,0),
(36709,0),
(36710,0),
(36711,0),
(36712,0),
(36713,0),
(36714,0),
(36715,0),
(36716,0),
(36717,0),
(36718,0),
(36719,0),
(36720,0),
(36721,0),
(36722,0),
(36723,0),
(36724,0),
(36725,0),
(36726,0),
(36727,0),
(36728,0),
(36729,0),
(36730,0),
(36731,0),
(36732,0),
(36733,0),
(36734,0),
(36735,0),
(36736,0),
(36737,0),
(36738,0),
(36739,0),
(36740,0),
(36741,0),
(36742,0),
(36743,0),
(36744,0),
(36745,0),
(36746,0),
(36747,0),
(36748,0),
(36749,0),
(36750,0),
(36751,0),
(36752,0),
(36753,0),
(36754,0),
(36755,0),
(36756,0),
(36757,0),
(36758,0),
(36759,0),
(36760,0),
(36761,0),
(36762,0),
(36763,0),
(36764,0),
(36765,0),
(36766,0),
(36767,0),
(36768,0),
(36769,0),
(36770,0),
(36771,0),
(36772,0),
(36773,0),
(36774,0),
(36775,0),
(36776,0),
(36777,0),
(36778,0),
(36779,0),
(36780,0),
(36781,0),
(36782,0),
(36783,0),
(36784,0),
(36785,0),
(36786,0),
(36787,0),
(36788,0),
(36789,0),
(36790,0),
(36791,0),
(36792,0),
(36793,0),
(36794,0),
(36795,0),
(36796,0),
(36797,0),
(36798,0),
(36799,0),
(36800,0),
(36801,0),
(36802,0),
(36803,0),
(36804,0),
(36805,0),
(36806,0),
(36807,0),
(36808,0),
(36809,0),
(36810,0),
(36811,0),
(36812,0),
(36813,0),
(36814,0),
(36815,0),
(36816,0),
(36817,0),
(36818,0),
(36819,0),
(36820,0),
(36821,0),
(36822,0),
(36823,0),
(36824,0),
(36825,0),
(36826,0),
(36827,0),
(36828,0),
(36829,0),
(36830,0),
(36831,0),
(36832,0),
(36833,0),
(36834,0),
(36835,0),
(36836,0),
(36837,0),
(36838,0),
(36839,0),
(36840,0),
(36841,0),
(36842,0),
(36843,0),
(36844,0),
(36845,0),
(36846,0),
(36847,0),
(36848,0),
(36849,0),
(36850,0),
(36851,0),
(36852,0),
(36853,0),
(36854,0),
(36855,0),
(36856,0),
(36857,0),
(36858,0),
(36859,0),
(36860,0),
(36861,0),
(36862,0),
(36863,0),
(36864,0),
(36865,0),
(36866,0),
(36867,0),
(36868,0),
(36869,0),
(36870,0),
(36871,0),
(36872,0),
(36873,0),
(36874,0),
(36875,0),
(36876,0),
(36877,0),
(36878,0),
(36879,0),
(36880,0),
(36881,0),
(36882,0),
(36883,0),
(36884,0),
(36885,0),
(36886,0),
(36887,0),
(36888,0),
(36889,0),
(36890,0),
(36891,0),
(36892,0),
(36893,0),
(36894,0),
(36895,0),
(36896,0),
(36897,0),
(36898,0),
(36899,0),
(36900,0),
(36901,0),
(36902,0),
(36903,0),
(36904,0),
(36905,0),
(36906,0),
(36907,0),
(36908,0),
(36909,0),
(36910,0),
(36911,0),
(36912,0),
(36913,0),
(36914,0),
(36915,0),
(36916,0),
(36917,0),
(36918,0),
(36919,0),
(36920,0),
(36921,0),
(36922,0),
(36923,0),
(36924,0),
(36925,0),
(36926,0),
(36927,0),
(36928,0),
(36929,0),
(36930,0),
(36931,0),
(36932,0),
(36933,0),
(36934,0),
(36935,0),
(36936,0),
(36937,0),
(36938,0),
(36939,0),
(36940,0),
(36941,0),
(36942,0),
(36943,0),
(36944,0),
(36945,0),
(36946,0),
(36947,0),
(36948,0),
(36949,0),
(36950,0),
(36951,0),
(36952,0),
(36953,0),
(36954,0),
(36955,0),
(36956,0),
(36957,0),
(36958,0),
(36959,0),
(36960,0),
(36961,0),
(36962,0),
(36963,0),
(36964,0),
(36965,0),
(36966,0),
(36967,0),
(36968,0),
(36969,0),
(36970,0),
(36971,0),
(36972,0),
(36973,0),
(36974,0),
(36975,0),
(36976,0),
(36977,0),
(36978,0),
(36979,0),
(36980,0),
(36981,0),
(36982,0),
(36983,0),
(36984,0),
(36985,0),
(36986,0),
(36987,0),
(36988,0),
(36989,0),
(36990,0),
(36991,0),
(36992,0),
(36993,0),
(36994,0),
(36995,0),
(36996,0),
(36997,0),
(36998,0),
(36999,0),
(37000,0),
(37001,0),
(37002,0),
(37003,0),
(37004,0),
(37005,0),
(37006,0),
(37007,0),
(37008,0),
(37009,0),
(37010,0),
(37011,0),
(37012,0),
(37013,0),
(37014,0),
(37015,0),
(37016,0),
(37017,0),
(37018,0),
(37019,0),
(37020,0),
(37021,0),
(37022,0),
(37023,0),
(37024,0),
(37025,0),
(37026,0),
(37027,0),
(37028,0),
(37029,0),
(37030,0),
(37031,0),
(37032,0),
(37033,0),
(37034,0),
(37035,0),
(37036,0),
(37037,0),
(37038,0),
(37039,0),
(37040,0),
(37041,0),
(37042,0),
(37043,0),
(37044,0),
(37045,0),
(37046,0),
(37047,0),
(37048,0),
(37049,0),
(37050,0),
(37051,0),
(37052,0),
(37053,0),
(37054,0),
(37055,0),
(37056,0),
(37057,0),
(37058,0),
(37059,0),
(37060,0),
(37061,0),
(37062,0),
(37063,0),
(37064,0),
(37065,0),
(37066,0),
(37067,0),
(37068,0),
(37069,0),
(37070,0),
(37071,0),
(37072,0),
(37073,0),
(37074,0),
(37075,0),
(37076,0),
(37077,0),
(37078,0),
(37079,0),
(37080,0),
(37081,0),
(37082,0),
(37083,0),
(37084,0),
(37085,0),
(37086,0),
(37087,0),
(37088,0),
(37089,0),
(37090,0),
(37091,0),
(37092,0),
(37093,0),
(37094,0),
(37095,0),
(37096,0),
(37097,0),
(37098,0),
(37099,0),
(37100,0),
(37101,0),
(37102,0),
(37103,0),
(37104,0),
(37105,0),
(37106,0),
(37107,0),
(37108,0),
(37109,0),
(37110,0),
(37111,0),
(37112,0),
(37113,0),
(37114,0),
(37115,0),
(37116,0),
(37117,0),
(37118,0),
(37119,0),
(37120,0),
(37121,0),
(37122,0),
(37123,0),
(37124,0),
(37125,0),
(37126,0),
(37127,0),
(37128,0),
(37129,0),
(37130,0),
(37131,0),
(37132,0),
(37133,0),
(37134,0),
(37135,0),
(37136,0),
(37137,0),
(37138,0),
(37139,0),
(37140,0),
(37141,0),
(37142,0),
(37143,0),
(37144,0),
(37145,0),
(37146,0),
(37147,0),
(37148,0),
(37149,0),
(37150,0),
(37151,0),
(37152,0),
(37153,0),
(37154,0),
(37155,0),
(37156,0),
(37157,0),
(37158,0),
(37159,0),
(37160,0),
(37161,0),
(37162,0),
(37163,0),
(37164,0),
(37165,0),
(37166,0),
(37167,0),
(37168,0),
(37169,0),
(37170,0),
(37171,0),
(37172,0),
(37173,0),
(37174,0),
(37175,0),
(37176,0),
(37177,0),
(37178,0),
(37179,0),
(37180,0),
(37181,0),
(37182,0),
(37183,0),
(37184,0),
(37185,0),
(37186,0),
(37187,0),
(37188,0),
(37189,0),
(37190,0),
(37191,0),
(37192,0),
(37193,0),
(37194,0),
(37195,0),
(37196,0),
(37197,0),
(37198,0),
(37199,0),
(37200,0),
(37201,0),
(37202,0),
(37203,0),
(37204,0),
(37205,0),
(37206,0),
(37207,0),
(37208,0),
(37209,0),
(37210,0),
(37211,0),
(37212,0),
(37213,0),
(37214,0),
(37215,0),
(37216,0),
(37217,0),
(37218,0),
(37219,0),
(37220,0),
(37221,0),
(37222,0),
(37223,0),
(37224,0),
(37225,0),
(37226,0),
(37227,0),
(37228,0),
(37229,0),
(37230,0),
(37231,0),
(37232,0),
(37233,0),
(37234,0),
(37235,0),
(37236,0),
(37237,0),
(37238,0),
(37239,0),
(37240,0),
(37241,0),
(37242,0),
(37243,0),
(37244,0),
(37245,0),
(37246,0),
(37247,0),
(37248,0),
(37249,0),
(37250,0),
(37251,0),
(37252,0),
(37253,0),
(37254,0),
(37255,0),
(37256,0),
(37257,0),
(37258,0),
(37259,0),
(37260,0),
(37261,0),
(37262,0),
(37263,0),
(37264,0),
(37265,0),
(37266,0),
(37267,0),
(37268,0),
(37269,0),
(37270,0),
(37271,0),
(37272,0),
(37273,0),
(37274,0),
(37275,0),
(37276,0),
(37277,0),
(37278,0),
(37279,0),
(37280,0),
(37281,0),
(37282,0),
(37283,0),
(37284,0),
(37285,0),
(37286,0),
(37287,0),
(37288,0),
(37289,0),
(37290,0),
(37291,0),
(37292,0),
(37293,0),
(37294,0),
(37295,0),
(37296,0),
(37297,0),
(37298,0),
(37299,0),
(37300,0),
(37301,0),
(37302,0),
(37303,0),
(37304,0),
(37305,0),
(37306,0),
(37307,0),
(37308,0),
(37309,0),
(37310,0),
(37311,0),
(37312,0),
(37313,0),
(37314,0),
(37315,0),
(37316,0),
(37317,0),
(37318,0),
(37319,0),
(37320,0),
(37321,0),
(37322,0),
(37323,0),
(37324,0),
(37325,0),
(37326,0),
(37327,0),
(37328,0),
(37329,0),
(37330,0),
(37331,0),
(37332,0),
(37333,0),
(37334,0),
(37335,0),
(37336,0),
(37337,0),
(37338,0),
(37339,0),
(37340,0),
(37341,0),
(37342,0),
(37343,0),
(37344,0),
(37345,0),
(37346,0),
(37347,0),
(37348,0),
(37349,0),
(37350,0),
(37351,0),
(37352,0),
(37353,0),
(37354,0),
(37355,0),
(37356,0),
(37357,0),
(37358,0),
(37359,0),
(37360,0),
(37361,0),
(37362,0),
(37363,0),
(37364,0),
(37365,0),
(37366,0),
(37367,0),
(37368,0),
(37369,0),
(37370,0),
(37371,0),
(37372,0),
(37373,0),
(37374,0),
(37375,0),
(37376,0),
(37377,0),
(37378,0),
(37379,0),
(37380,0),
(37381,0),
(37382,0),
(37383,0),
(37384,0),
(37385,0),
(37386,0),
(37387,0),
(37388,0),
(37389,0),
(37390,0),
(37391,0),
(37392,0),
(37393,0),
(37394,0),
(37395,0),
(37396,0),
(37397,0),
(37398,0),
(37399,0),
(37400,0),
(37401,0),
(37402,0),
(37403,0),
(37404,0),
(37405,0),
(37406,0),
(37407,0),
(37408,0),
(37409,0),
(37410,0),
(37411,0),
(37412,0),
(37413,0),
(37414,0),
(37415,0),
(37416,0),
(37417,0),
(37418,0),
(37419,0),
(37420,0),
(37421,0),
(37422,0),
(37423,0),
(37424,0),
(37425,0),
(37426,0),
(37427,0),
(37428,0),
(37429,0),
(37430,0),
(37431,0),
(37432,0),
(37433,0),
(37434,0),
(37435,0),
(37436,0),
(37437,0),
(37438,0),
(37439,0),
(37440,0),
(37441,0),
(37442,0),
(37443,0),
(37444,0),
(37445,0),
(37446,0),
(37447,0),
(37448,0),
(37449,0),
(37450,0),
(37451,0),
(37452,0),
(37453,0),
(37454,0),
(37455,0),
(37456,0),
(37457,0),
(37458,0),
(37459,0),
(37460,0),
(37461,0),
(37462,0),
(37463,0),
(37464,0),
(37465,0),
(37466,0),
(37467,0),
(37468,0),
(37469,0),
(37470,0),
(37471,0),
(37472,0),
(37473,0),
(37474,0),
(37475,0),
(37476,0),
(37477,0),
(37478,0),
(37479,0),
(37480,0),
(37481,0),
(37482,0),
(37483,0),
(37484,0),
(37485,0),
(37486,0),
(37487,0),
(37488,0),
(37489,0),
(37490,0),
(37491,0),
(37492,0),
(37493,0),
(37494,0),
(37495,0),
(37496,0),
(37497,0),
(37498,0),
(37499,0),
(37500,0),
(37501,0),
(37502,0),
(37503,0),
(37504,0),
(37505,0),
(37506,0),
(37507,0),
(37508,0),
(37509,0),
(37510,0),
(37511,0),
(37512,0),
(37513,0),
(37514,0),
(37515,0),
(37516,0),
(37517,0),
(37518,0),
(37519,0),
(37520,0),
(37521,0),
(37522,0),
(37523,0),
(37524,0),
(37525,0),
(37526,0),
(37527,0),
(37528,0),
(37529,0),
(37530,0),
(37531,0),
(37532,0),
(37533,0),
(37534,0),
(37535,0),
(37536,0),
(37537,0),
(37538,0),
(37539,0),
(37540,0),
(37541,0),
(37542,0),
(37543,0),
(37544,0),
(37545,0),
(37546,0),
(37547,0),
(37548,0),
(37549,0),
(37550,0),
(37551,0),
(37552,0),
(37553,0),
(37554,0),
(37555,0),
(37556,0),
(37557,0),
(37558,0),
(37559,0),
(37560,0),
(37561,0),
(37562,0),
(37563,0),
(37564,0),
(37565,0),
(37566,0),
(37567,0),
(37568,0),
(37569,0),
(37570,0),
(37571,0),
(37572,0),
(37573,0),
(37574,0),
(37575,0),
(37576,0),
(37577,0),
(37578,0),
(37579,0),
(37580,0),
(37581,0),
(37582,0),
(37583,0),
(37584,0),
(37585,0),
(37586,0),
(37587,0),
(37588,0),
(37589,0),
(37590,0),
(37591,0),
(37592,0),
(37593,0),
(37594,0),
(37595,0),
(37596,0),
(37597,0),
(37598,0),
(37599,0),
(37600,0),
(37601,0),
(37602,0),
(37603,0),
(37604,0),
(37605,0),
(37606,0),
(37607,0),
(37608,0),
(37609,0),
(37610,0),
(37611,0),
(37612,0),
(37613,0),
(37614,0),
(37615,0),
(37616,0),
(37617,0),
(37618,0),
(37619,0),
(37620,0),
(37621,0),
(37622,0),
(37623,0),
(37624,0),
(37625,0),
(37626,0),
(37627,0),
(37628,0),
(37629,0),
(37630,0),
(37631,0),
(37632,0),
(37633,0),
(37634,0),
(37635,0),
(37636,0),
(37637,0),
(37638,0),
(37639,0),
(37640,0),
(37641,0),
(37642,0),
(37643,0),
(37644,0),
(37645,0),
(37646,0),
(37647,0),
(37648,0),
(37649,0),
(37650,0),
(37651,0),
(37652,0),
(37653,0),
(37654,0),
(37655,0),
(37656,0),
(37657,0),
(37658,0),
(37659,0),
(37660,0),
(37661,0),
(37662,0),
(37663,0),
(37664,0),
(37665,0),
(37666,0),
(37667,0),
(37668,0),
(37669,0),
(37670,0),
(37671,0),
(37672,0),
(37673,0),
(37674,0),
(37675,0),
(37676,0),
(37677,0),
(37678,0),
(37679,0),
(37680,0),
(37681,0),
(37682,0),
(37683,0),
(37684,0),
(37685,0),
(37686,0),
(37687,0),
(37688,0),
(37689,0),
(37690,0),
(37691,0),
(37692,0),
(37693,0),
(37694,0),
(37695,0),
(37696,0),
(37697,0),
(37698,0),
(37699,0),
(37700,0),
(37701,0),
(37702,0),
(37703,0),
(37704,0),
(37705,0),
(37706,0),
(37707,0),
(37708,0),
(37709,0),
(37710,0),
(37711,0),
(37712,0),
(37713,0),
(37714,0),
(37715,0),
(37716,0),
(37717,0),
(37718,0),
(37719,0),
(37720,0),
(37721,0),
(37722,0),
(37723,0),
(37724,0),
(37725,0),
(37726,0),
(37727,0),
(37728,0),
(37729,0),
(37730,0),
(37731,0),
(37732,0),
(37733,0),
(37734,0),
(37735,0),
(37736,0),
(37737,0),
(37738,0),
(37739,0),
(37740,0),
(37741,0),
(37742,0),
(37743,0),
(37744,0),
(37745,0),
(37746,0),
(37747,0),
(37748,0),
(37749,0),
(37750,0),
(37751,0),
(37752,0),
(37753,0),
(37754,0),
(37755,0),
(37756,0),
(37757,0),
(37758,0),
(37759,0),
(37760,0),
(37761,0),
(37762,0),
(37763,0),
(37764,0),
(37765,0),
(37766,0),
(37767,0),
(37768,0),
(37769,0),
(37770,0),
(37771,0),
(37772,0),
(37773,0),
(37774,0),
(37775,0),
(37776,0),
(37777,0),
(37778,0),
(37779,0),
(37780,0),
(37781,0),
(37782,0),
(37783,0),
(37784,0),
(37785,0),
(37786,0),
(37787,0),
(37788,0),
(37789,0),
(37790,0),
(37791,0),
(37792,0),
(37793,0),
(37794,0),
(37795,0),
(37796,0),
(37797,0),
(37798,0),
(37799,0),
(37800,0),
(37801,0),
(37802,0),
(37803,0),
(37804,0),
(37805,0),
(37806,0),
(37807,0),
(37808,0),
(37809,0),
(37810,0),
(37811,0),
(37812,0),
(37813,0),
(37814,0),
(37815,0),
(37816,0),
(37817,0),
(37818,0),
(37819,0),
(37820,0),
(37821,0),
(37822,0),
(37823,0),
(37824,0),
(37825,0),
(37826,0),
(37827,0),
(37828,0),
(37829,0),
(37830,0),
(37831,0),
(37832,0),
(37833,0),
(37834,0),
(37835,0),
(37836,0),
(37837,0),
(37838,0),
(37839,0),
(37840,0),
(37841,0),
(37842,0),
(37843,0),
(37844,0),
(37845,0),
(37846,0),
(37847,0),
(37848,0),
(37849,0),
(37850,0),
(37851,0),
(37852,0),
(37853,0),
(37854,0),
(37855,0),
(37856,0),
(37857,0),
(37858,0),
(37859,0),
(37860,0),
(37861,0),
(37862,0),
(37863,0),
(37864,0),
(37865,0),
(37866,0),
(37867,0),
(37868,0),
(37869,0),
(37870,0),
(37871,0),
(37872,0),
(37873,0),
(37874,0),
(37875,0),
(37876,0),
(37877,0),
(37878,0),
(37879,0),
(37880,0),
(37881,0),
(37882,0),
(37883,0),
(37884,0),
(37885,0),
(37886,0),
(37887,0),
(37888,0),
(37889,0),
(37890,0),
(37891,0),
(37892,0),
(37893,0),
(37894,0),
(37895,0),
(37896,0),
(37897,0),
(37898,0),
(37899,0),
(37900,0),
(37901,0),
(37902,0),
(37903,0),
(37904,0),
(37905,0),
(37906,0),
(37907,0),
(37908,0),
(37909,0),
(37910,0),
(37911,0),
(37912,0),
(37913,0),
(37914,0),
(37915,0),
(37916,0),
(37917,0),
(37918,0),
(37919,0),
(37920,0),
(37921,0),
(37922,0),
(37923,0),
(37924,0),
(37925,0),
(37926,0),
(37927,0),
(37928,0),
(37929,0),
(37930,0),
(37931,0),
(37932,0),
(37933,0),
(37934,0),
(37935,0),
(37936,0),
(37937,0),
(37938,0),
(37939,0),
(37940,0),
(37941,0),
(37942,0),
(37943,0),
(37944,0),
(37945,0),
(37946,0),
(37947,0),
(37948,0),
(37949,0),
(37950,0),
(37951,0),
(37952,0),
(37953,0),
(37954,0),
(37955,0),
(37956,0),
(37957,0),
(37958,0),
(37959,0),
(37960,0),
(37961,0),
(37962,0),
(37963,0),
(37964,0),
(37965,0),
(37966,0),
(37967,0),
(37968,0),
(37969,0),
(37970,0),
(37971,0),
(37972,0),
(37973,0),
(37974,0),
(37975,0),
(37976,0),
(37977,0),
(37978,0),
(37979,0),
(37980,0),
(37981,0),
(37982,0),
(37983,0),
(37984,0),
(37985,0),
(37986,0),
(37987,0),
(37988,0),
(37989,0),
(37990,0),
(37991,0),
(37992,0),
(37993,0),
(37994,0),
(37995,0),
(37996,0),
(37997,0),
(37998,0),
(37999,0),
(38000,0),
(38001,0),
(38002,0),
(38003,0),
(38004,0),
(38005,0),
(38006,0),
(38007,0),
(38008,0),
(38009,0),
(38010,0),
(38011,0),
(38012,0),
(38013,0),
(38014,0),
(38015,0),
(38016,0),
(38017,0),
(38018,0),
(38019,0),
(38020,0),
(38021,0),
(38022,0),
(38023,0),
(38024,0),
(38025,0),
(38026,0),
(38027,0),
(38028,0),
(38029,0),
(38030,0),
(38031,0),
(38032,0),
(38033,0),
(38034,0);

/* Table structure for table `oc_t_country_stats` */
CREATE TABLE `oc_t_country_stats` (
  `fk_c_country_code` char(2) NOT NULL,
  `i_num_items` int(10) unsigned NOT NULL DEFAULT '0',
  PRIMARY KEY (`fk_c_country_code`),
  KEY `idx_num_items` (`i_num_items`),
  CONSTRAINT `oc_t_country_stats_ibfk_1` FOREIGN KEY (`fk_c_country_code`) REFERENCES `oc_t_country` (`pk_c_code`)
) ENGINE=InnoDB DEFAULT CHARSET=utf8;

/* dumping data for table `oc_t_country_stats` */
insert into `oc_t_country_stats` values
('GB',0),
('JP',0);

/* Table structure for table `oc_t_latest_searches` */
CREATE TABLE `oc_t_latest_searches` (
  `d_date` datetime NOT NULL,
  `s_search` varchar(255) NOT NULL
) ENGINE=InnoDB DEFAULT CHARSET=utf8;


/* Table structure for table `oc_t_locations_tmp` */
CREATE TABLE `oc_t_locations_tmp` (
  `id_location` varchar(10) NOT NULL,
  `e_type` enum('COUNTRY','REGION','CITY') NOT NULL,
  PRIMARY KEY (`id_location`,`e_type`)
) ENGINE=InnoDB DEFAULT CHARSET=utf8;


/* Table structure for table `oc_t_log` */
CREATE TABLE `oc_t_log` (
  `dt_date` datetime NOT NULL,
  `s_section` varchar(50) NOT NULL,
  `s_action` varchar(50) NOT NULL,
  `fk_i_id` int(10) unsigned NOT NULL,
  `s_data` varchar(250) NOT NULL,
  `s_ip` varchar(50) NOT NULL,
  `s_who` varchar(50) NOT NULL,
  `fk_i_who_id` int(10) unsigned NOT NULL
) ENGINE=InnoDB DEFAULT CHARSET=utf8;


/* Table structure for table `oc_t_region_stats` */
CREATE TABLE `oc_t_region_stats` (
  `fk_i_region_id` int(10) unsigned NOT NULL,
  `i_num_items` int(10) unsigned NOT NULL DEFAULT '0',
  PRIMARY KEY (`fk_i_region_id`),
  KEY `idx_num_items` (`i_num_items`),
  CONSTRAINT `oc_t_region_stats_ibfk_1` FOREIGN KEY (`fk_i_region_id`) REFERENCES `oc_t_region` (`pk_i_id`)
) ENGINE=InnoDB DEFAULT CHARSET=utf8;

/* dumping data for table `oc_t_region_stats` */
insert into `oc_t_region_stats` values
(742180,0),
(742181,0),
(742182,0),
(742183,0),
(742184,0),
(742185,0),
(742186,0),
(742187,0),
(742188,0),
(742189,0),
(742190,0),
(742191,0),
(742192,0),
(742193,0),
(742194,0),
(742195,0),
(742196,0),
(742197,0),
(742198,0),
(742199,0),
(742200,0),
(742201,0),
(742202,0),
(742203,0),
(742204,0),
(742205,0),
(742206,0),
(742207,0),
(742208,0),
(742209,0),
(742210,0),
(742211,0),
(742212,0),
(742213,0),
(742214,0),
(742215,0),
(742216,0),
(742217,0),
(742218,0),
(742219,0),
(742220,0),
(742221,0),
(742222,0),
(742223,0),
(742224,0),
(742225,0),
(742226,0),
(742227,0);

/* Table structure for table `oc_t_user_email_tmp` */
CREATE TABLE `oc_t_user_email_tmp` (
  `fk_i_user_id` int(10) unsigned NOT NULL,
  `s_new_email` varchar(100) NOT NULL,
  `dt_date` datetime NOT NULL,
  PRIMARY KEY (`fk_i_user_id`),
  CONSTRAINT `oc_t_user_email_tmp_ibfk_1` FOREIGN KEY (`fk_i_user_id`) REFERENCES `oc_t_user` (`pk_i_id`)
) ENGINE=InnoDB DEFAULT CHARSET=utf8;


